701,87,41,36,65,51,77,43,4,30,9
703,4,36,37,96,34,87,32,98,47,18
700,72,47,41,58,66,60,42,94,10,3
698,66,66,15,22,90,66,38,53,66,25
699,76,59,12,92,90,65,52,29,33,33
695,91,7,65,11,45,81,89,98,70,86
699,34,84,68,10,14,6,83,26,26,48
701,53,6,12,47,44,75,51,91,56,39
700,2,85,78,4,74,68,6,62,72,37
697,59,65,28,25,60,42,36,7,78,74
692,95,61,78,57,27,9,57,48,43,59
696,12,36,27,66,39,2,71,40,13,35
699,70,77,94,82,40,47,96,68,91,43
703,23,30,87,46,60,29,33,52,67,61
700,2,55,20,92,94,34,34,91,45,17
703,84,8,65,55,42,78,30,31,36,62
708,39,34,38,67,33,51,77,91,19,27
710,94,98,79,23,86,5,22,56,67,59
705,96,86,4,13,92,89,17,74,34,10
708,25,86,97,39,19,58,62,21,39,18
710,53,23,7,42,7,23,62,75,79,48
712,47,87,37,32,43,85,38,1,20,27
712,2,1,87,50,84,17,70,21,58,41
713,29,40,65,80,36,79,41,100,33,42
715,53,31,90,95,15,63,11,60,13,38
718,18,24,38,76,1,91,27,61,21,40
722,25,52,91,27,15,97,73,41,30,69
726,26,75,55,38,49,84,1,88,54,73
721,68,24,51,68,92,92,18,1,88,50
719,67,29,81,29,12,78,69,24,78,30
723,4,46,90,87,96,51,26,1,66,65
728,27,74,30,23,89,44,24,21,16,23
729,56,42,15,78,21,78,19,44,23,4
732,80,84,70,26,15,66,40,87,6,48
728,24,81,56,35,5,14,70,10,81,31
730,96,3,85,97,4,7,48,52,18,44
734,81,32,80,54,12,21,90,14,30,100
738,73,13,41,20,99,86,22,67,13,41
740,89,31,50,3,19,90,50,43,4,59
736,7,5,86,25,97,33,81,54,79,81
732,18,50,21,23,91,44,31,33,21,27
732,100,44,91,23,35,32,13,61,47,20
735,21,32,60,35,66,31,48,50,10,73
739,93,12,2,73,95,2,5,19,80,59
739,31,72,44,8,5,33,19,60,93,15
737,37,77,79,53,24,13,33,80,88,2
733,15,67,77,30,54,2,5,57,99,52
735,37,69,19,88,78,26,83,58,83,45
734,76,52,14,20,2,42,31,14,57,23
729,96,59,86,97,96,21,75,63,34,43
728,96,6,77,38,67,32,87,57,92,38
724,9,30,26,32,72,25,76,8,38,26
720,53,95,47,61,59,64,42,49,95,55
724,49,99,12,44,42,44,40,48,22,39
728,53,25,81,30,86,47,38,57,6,40
732,100,75,84,84,5,58,48,92,25,53
737,42,59,14,1,17,78,67,36,7,64
742,56,92,4,74,71,53,44,66,17,28
740,51,4,7,43,71,25,1,48,65,17
738,42,82,32,7,99,23,55,88,30,84
735,26,8,83,78,15,62,25,73,30,64
739,47,65,3,15,44,76,41,57,81,37
738,25,23,30,2,30,59,21,3,40,69
733,31,97,78,94,90,71,90,26,46,70
731,48,40,90,73,71,25,37,8,37,29
727,92,6,69,18,41,73,81,67,95,20
727,49,57,64,82,71,32,74,60,24,70
729,22,64,52,33,82,30,58,48,39,61
728,76,24,38,67,39,60,81,52,55,78
731,71,71,69,38,67,35,8,33,94,15
733,92,73,2,16,1,1,33,96,39,15
736,54,49,87,56,91,84,33,38,78,61
735,21,20,44,55,33,23,49,3,56,68
740,20,14,25,65,5,89,23,84,64,93
736,2,64,43,69,94,96,100,24,55,53
740,59,78,12,16,93,95,13,81,7,32
741,67,2,98,42,20,16,7,89,5,52
746,34,78,96,84,55,32,16,44,6,28
743,26,5,54,94,31,74,45,2,67,77
744,6,60,6,91,26,43,67,56,72,63
739,73,20,10,85,70,82,37,46,43,76
743,13,24,55,88,88,50,93,25,61,32
747,2,90,44,2,49,55,94,92,18,98
743,52,32,96,25,75,83,75,65,74,5
738,25,50,79,75,33,19,44,86,67,65
738,51,49,75,96,38,70,87,35,65,42
740,79,13,47,39,25,6,98,49,10,21
738,48,38,44,80,56,71,5,13,17,74
733,11,100,9,99,51,14,77,76,88,34
729,84,93,84,95,93,33,25,71,97,82
731,75,25,27,48,35,57,54,85,63,33
729,10,9,98,93,1,91,26,45,20,63
725,98,84,76,31,10,74,38,91,90,82
723,89,27,55,51,58,71,74,28,90,35
724,18,22,98,96,18,58,45,85,87,50
725,1,30,82,68,40,91,12,66,72,23
727,13,27,1,11,96,65,97,48,11,12
730,65,69,78,65,86,58,72,91,91,52
729,34,70,63,55,46,95,73,70,52,93
733,25,77,32,52,34,12,40,89,100,80
736,35,62,56,39,56,99,100,1,70,72
732,66,48,52,28,46,60,15,95,26,64
734,65,43,35,79,41,8,70,69,26,71
735,56,85,25,51,24,86,19,50,82,35
732,49,86,94,77,19,35,23,22,88,32
728,59,2,1,37,6,90,84,66,2,25
728,61,61,47,95,34,1,70,7,17,89
730,63,50,71,96,68,77,80,35,6,59
732,42,35,55,49,15,71,45,16,14,91
727,14,25,87,32,77,33,86,37,33,78
729,97,82,35,2,48,88,100,3,17,59
731,86,27,56,14,43,98,39,27,84,52
731,20,65,98,39,40,2,3,45,75,20
733,58,38,17,59,24,43,60,35,60,13
735,74,60,100,86,92,75,15,16,40,87
733,15,66,75,78,97,82,92,48,37,31
738,5,62,69,56,14,64,24,7,15,96
738,37,69,73,63,17,62,98,11,87,77
735,24,36,96,8,31,12,21,88,23,85
738,76,33,99,28,89,42,23,50,40,7
738,73,52,4,5,36,53,100,26,69,8
736,80,76,23,89,16,63,59,77,71,41
734,68,7,67,42,99,8,48,87,26,87
732,92,73,96,54,45,62,39,17,1,14
728,21,87,38,10,51,30,15,46,51,46
732,71,80,100,53,91,81,30,37,15,73
732,46,3,66,60,2,78,83,83,52,89
728,1,30,96,55,28,41,12,42,6,100
729,95,99,76,39,84,68,93,9,54,23
734,86,69,6,36,44,27,13,95,14,48
730,92,35,94,39,75,24,31,87,30,2
726,82,38,1,52,38,94,24,25,65,76
724,60,62,99,30,77,15,96,12,75,100
726,50,23,27,6,61,56,28,72,70,70
731,31,7,4,45,80,49,44,8,49,60
732,14,32,49,10,16,31,38,85,99,52
733,72,68,21,19,73,47,3,46,7,42
736,68,14,76,70,66,69,55,74,7,75
732,90,24,18,1,21,31,18,63,76,57
731,78,44,67,64,42,1,62,65,8,13
735,96,58,37,22,30,66,48,42,81,88
735,92,13,9,87,73,81,53,56,63,38
740,61,73,59,29,23,80,32,29,88,100
735,31,67,31,39,5,71,53,1,85,15
733,81,88,20,84,40,8,59,68,18,48
729,72,62,63,77,56,97,36,23,30,94
733,44,70,69,29,62,70,20,39,27,55
735,68,78,92,82,15,100,19,83,57,74
735,14,23,87,40,85,5,70,98,55,79
736,62,48,24,59,77,66,77,3,47,64
731,9,40,13,66,51,1,10,58,56,11
735,29,72,7,21,54,91,91,51,26,5
739,69,77,27,15,28,79,88,42,51,78
743,50,69,63,21,27,4,89,85,99,95
748,88,37,31,65,12,9,69,88,79,18
743,46,51,39,56,32,55,52,91,87,8
743,62,32,34,57,10,1,74,64,57,41
746,40,40,67,76,41,98,48,7,41,18
741,51,83,61,89,41,54,34,95,96,52
740,86,97,23,4,70,90,26,81,61,22
742,68,26,18,34,48,35,79,26,42,10
737,68,16,55,83,65,30,19,96,71,33
742,27,22,97,80,13,89,69,63,83,39
743,49,20,42,64,34,84,80,56,54,38
739,73,87,76,10,29,62,43,12,38,64
743,96,62,21,71,90,34,51,52,73,3
746,12,21,59,23,97,2,12,98,37,27
747,10,41,32,23,24,66,43,84,82,67
742,56,30,15,3,35,26,28,77,92,88
738,8,28,92,6,19,77,87,60,98,11
742,25,14,45,76,49,67,11,6,72,8
739,88,23,11,37,76,77,22,26,38,6
740,4,61,32,45,71,16,4,24,21,18
743,35,89,87,73,50,70,99,60,46,81
742,67,62,31,15,43,35,1,7,62,54
737,99,24,47,96,29,3,54,94,73,37
734,94,16,89,30,96,57,37,59,73,72
735,43,1,11,52,85,5,40,80,77,87
735,48,96,60,34,17,46,9,96,5,17
740,22,60,82,14,77,41,27,29,44,32
743,32,71,85,55,52,10,90,48,12,6
742,46,80,33,21,60,91,45,73,95,43
743,76,3,6,3,52,50,68,73,86,19
747,13,80,39,55,34,91,35,99,63,55
744,8,87,3,88,90,39,9,76,66,38
748,95,90,28,10,2,26,22,8,86,78
747,9,12,50,68,38,28,49,31,28,76
746,77,29,100,40,2,40,30,89,10,5
748,28,10,5,21,48,19,28,5,18,2
753,30,12,60,52,56,59,90,89,53,5
758,21,6,66,67,67,53,33,25,74,20
760,4,87,45,68,28,72,37,4,54,96
759,7,95,26,72,50,75,92,54,50,28
764,90,99,12,64,66,27,4,71,55,95
766,28,96,73,17,96,80,62,25,15,74
761,77,36,7,77,36,99,42,62,82,99
766,34,41,89,87,22,84,60,18,65,15
761,30,99,31,33,40,25,41,63,41,78
757,85,19,57,47,92,98,6,6,26,24
752,16,48,98,34,28,51,5,84,38,53
751,53,2,28,82,9,88,47,40,8,52
756,13,24,6,31,79,17,32,33,33,12
751,34,23,16,67,53,5,24,35,18,20
754,62,62,22,7,69,9,23,83,8,35
755,27,45,81,51,30,42,26,71,64,62
752,52,5,77,39,51,72,73,82,36,48
748,2,93,86,34,28,17,77,40,39,72
745,89,27,48,87,39,66,90,58,30,92
746,80,80,65,2,72,56,44,89,25,71
750,65,52,90,56,93,32,78,49,49,98
754,95,82,93,69,96,25,62,24,49,56
751,69,95,75,55,96,39,5,93,20,100
749,59,67,75,40,36,17,58,15,89,61
753,33,42,83,62,4,77,95,93,8,12
749,87,46,57,97,92,99,17,85,23,31
744,61,67,23,94,84,17,76,9,73,75
743,85,90,66,57,8,30,55,58,60,74
743,93,96,25,100,90,67,94,76,67,53
740,58,52,74,8,48,74,13,62,47,16
741,13,58,45,52,5,14,33,40,88,41
743,72,36,27,95,83,1,35,21,87,83
743,64,86,100,29,31,35,24,34,85,39
740,36,54,3,12,93,70,4,15,23,86
745,3,7,38,94,95,88,82,31,67,58
748,49,12,26,87,21,52,90,16,67,19
743,92,67,83,23,25,83,84,84,99,32
742,8,68,75,69,95,17,38,71,55,16
738,83,37,69,83,3,55,68,66,99,92
738,24,69,81,63,49,79,85,77,84,76
741,61,73,10,90,74,79,91,41,76,49
739,93,80,88,41,94,2,45,60,98,80
740,92,41,7,21,14,5,62,32,41,52
736,61,15,4,67,76,79,71,36,98,57
736,14,71,5,85,9,1,57,21,33,78
733,7,36,95,7,64,32,58,28,37,49
733,40,50,84,63,54,58,67,2,77,31
728,35,65,58,7,81,70,46,55,92,96
726,78,50,84,49,65,36,6,40,93,20
731,14,25,98,73,74,67,47,54,73,95
727,33,82,9,25,90,69,87,15,62,4
726,79,19,88,10,63,65,46,98,56,48
725,75,76,64,70,28,27,1,14,57,41
729,54,73,11,96,66,64,17,45,46,85
730,66,31,74,34,82,93,6,3,78,14
728,49,69,62,74,3,11,15,17,77,7
733,28,52,7,73,26,3,71,90,100,93
733,38,21,86,51,6,19,82,17,35,81
735,29,82,60,1,91,100,97,49,51,31
730,46,79,27,100,26,86,80,96,94,33
731,83,77,81,52,75,94,95,40,7,79
730,67,94,47,1,91,72,37,78,42,45
732,79,93,4,76,87,91,50,54,72,71
729,51,97,83,10,49,7,86,45,52,46
731,23,55,99,66,87,30,32,63,74,28
735,1,86,43,44,48,87,99,9,22,41
735,41,88,88,84,30,56,99,36,72,88
736,71,61,17,100,94,58,84,61,82,22
741,90,78,79,18,19,66,27,51,48,81
744,48,26,47,39,53,8,18,82,33,36
742,82,19,73,49,15,34,4,52,12,75
737,63,7,54,45,58,76,34,41,25,16
741,75,79,55,20,15,20,58,3,61,23
740,97,3,77,31,85,38,19,52,39,25
741,66,65,90,18,97,41,30,93,99,65
739,3,37,42,10,99,79,16,62,32,76
740,39,95,8,79,54,78,35,73,48,44
741,29,34,38,58,83,16,85,18,85,66
745,74,15,6,62,55,39,37,72,70,86
748,56,52,15,21,43,80,51,36,56,51
746,81,87,22,80,39,55,100,21,34,63
744,9,31,64,5,30,41,63,99,14,50
749,38,89,94,7,61,84,52,8,66,52
748,58,78,68,49,19,78,22,12,64,76
749,11,57,69,51,16,87,36,78,1,16
749,92,14,63,55,67,67,67,99,3,11
750,18,21,54,1,83,48,94,39,17,99
754,71,6,81,39,73,16,98,33,91,98
750,96,29,20,6,71,3,44,21,39,67
751,47,19,19,4,87,37,41,19,64,18
754,23,70,38,2,13,100,1,66,100,78
750,38,56,47,66,75,68,40,48,6,93
754,29,11,1,50,33,50,10,12,1,79
755,9,41,42,22,85,50,30,68,96,86
757,35,99,53,52,92,53,36,7,36,40
754,35,11,67,4,63,2,31,7,48,20
756,75,79,32,58,50,28,42,35,5,77
759,8,52,4,91,28,4,51,45,2,21
755,57,94,3,7,84,37,29,49,4,81
751,97,36,47,1,61,77,11,70,85,52
746,62,94,82,20,67,75,99,30,31,46
745,79,9,44,82,2,94,15,16,89,45
746,7,39,79,39,49,45,92,75,64,23
743,100,49,23,47,82,39,18,69,7,12
745,48,84,45,79,1,65,13,12,13,16
740,82,29,97,48,46,15,27,41,34,25
742,95,17,15,3,98,80,42,19,32,48
741,82,18,58,23,78,25,26,87,14,24
745,96,26,69,59,19,60,71,17,25,53
742,86,35,9,84,92,60,40,77,20,30
747,99,49,65,2,38,44,66,52,66,22
742,80,15,72,26,100,35,24,22,79,5
747,13,81,12,70,41,58,58,93,33,9
744,71,30,30,87,63,38,59,87,30,21
748,44,14,29,67,16,76,66,80,8,21
750,16,88,30,74,49,77,56,52,96,27
750,59,59,70,74,49,55,96,13,5,18
753,58,56,78,59,98,1,86,79,29,5
752,70,80,67,6,42,58,41,5,51,42
755,99,18,100,93,40,6,14,66,66,67
756,40,11,97,53,88,28,92,65,74,48
758,56,98,72,73,10,92,25,64,43,32
757,89,36,67,30,66,86,37,2,28,55
755,43,71,11,46,40,53,59,50,50,74
758,65,88,57,3,2,93,95,45,5,41
762,52,14,97,91,45,3,72,72,38,1
761,79,40,99,20,79,50,32,87,18,6
760,74,49,46,47,8,30,86,66,29,7
761,17,79,39,34,79,24,46,35,83,37
763,8,91,63,99,42,92,11,63,64,12
767,9,25,90,39,88,56,56,53,39,47
768,74,86,98,24,95,24,98,52,52,47
771,93,12,95,15,49,81,78,82,46,5
774,43,70,55,87,96,48,11,51,65,49
772,17,27,37,87,73,11,97,10,54,59
773,34,37,33,65,73,26,14,24,6,20
773,78,5,11,22,62,86,37,81,3,86
772,41,77,9,62,98,17,70,8,45,61
774,9,1,15,56,10,86,99,77,87,89
769,89,25,76,59,70,4,33,97,38,57
769,12,70,78,57,57,71,67,71,32,85
767,29,59,32,46,38,35,76,20,4,92
772,49,61,73,23,6,63,13,87,88,34
772,94,51,43,69,79,6,99,56,61,44
772,89,18,17,72,98,26,24,92,37,64
776,98,23,84,15,9,69,17,61,57,19
772,72,13,61,58,21,17,1,64,66,85
771,85,72,34,18,73,57,53,39,90,90
776,24,23,9,80,12,90,95,71,26,14
777,4,28,100,13,77,69,2,63,95,84
780,73,45,84,58,10,35,36,46,1,66
781,85,84,5,18,30,17,54,6,52,95
782,45,100,17,68,18,3,56,26,38,5
786,25,40,4,68,6,32,9,92,5,92
786,14,48,61,19,74,99,68,55,26,16
781,89,17,64,90,77,42,11,10,79,37
781,37,64,25,96,73,14,55,96,29,59
783,60,2,94,29,40,79,1,42,14,85
787,48,83,84,23,34,37,23,27,46,6
792,57,96,23,88,46,85,61,5,22,19
791,19,97,78,41,38,96,38,35,18,86
795,25,30,11,74,1,36,38,59,66,81
800,64,28,99,82,98,49,89,64,22,22
801,72,88,27,31,10,25,47,73,73,97
804,10,52,32,5,22,1,82,27,22,60
809,45,62,49,67,36,83,33,2,96,8
810,27,82,7,59,72,45,97,83,52,62
806,64,51,92,7,27,69,49,80,90,21
807,75,61,26,57,24,10,12,42,83,58
805,65,81,5,4,96,62,69,21,27,18
803,25,6,47,17,44,46,73,23,5,8
806,48,52,85,87,88,52,6,86,55,51
808,1,13,26,26,53,34,75,65,38,18
812,43,2,30,7,45,85,6,46,97,30
816,24,59,63,84,10,45,75,72,34,50
814,45,93,90,9,42,56,42,64,90,28
810,20,97,96,71,62,16,47,13,35,60
809,77,77,61,30,78,11,77,65,56,23
814,21,58,41,22,3,21,70,11,96,72
818,1,61,100,19,75,90,24,79,12,94
821,54,38,77,31,24,51,72,95,64,100
822,10,29,87,89,37,92,67,44,28,73
823,10,77,100,33,48,13,74,13,12,44
821,88,75,77,46,42,92,85,47,56,4
824,42,72,24,63,82,63,73,68,56,89
828,6,69,44,3,92,83,31,70,96,16
832,4,27,81,93,11,30,96,1,94,70
836,96,18,12,24,54,19,45,71,37,33
839,50,5,59,51,70,69,34,98,10,66
837,72,91,69,98,23,21,87,99,6,23
832,7,93,60,98,82,86,59,68,62,79
834,93,35,25,24,76,33,33,13,14,16
835,98,81,12,9,86,9,10,40,87,59
840,42,94,82,73,27,85,7,69,10,72
843,23,74,43,38,89,42,83,27,81,82
846,78,21,19,28,49,36,58,48,84,63
843,26,63,17,40,81,99,35,72,81,4
840,23,4,42,79,54,99,18,76,91,32
836,28,82,76,33,63,93,21,49,17,83
831,5,25,75,86,31,88,96,8,24,28
832,60,24,25,28,38,69,85,59,40,39
837,63,60,78,10,66,29,92,80,22,95
836,77,48,54,41,66,47,95,86,28,33
838,96,75,1,50,37,67,23,77,45,43
834,85,19,91,66,65,21,5,100,65,78
839,46,75,82,37,79,75,48,94,28,78
839,18,79,7,85,82,72,98,99,46,25
839,96,62,71,50,77,22,20,77,86,74
841,94,80,57,5,96,73,47,89,56,21
837,54,24,5,91,35,33,35,100,57,58
842,43,60,17,49,47,81,48,31,9,4
845,39,75,94,44,33,59,64,14,56,13
843,26,96,40,21,8,94,100,86,21,92
848,51,34,18,70,97,50,17,39,7,42
846,22,47,68,67,36,79,12,93,43,6
848,33,21,72,92,37,26,76,100,29,7
849,64,56,90,83,44,57,44,28,18,48
844,14,99,11,2,76,25,93,58,56,31
839,54,44,71,36,61,80,33,50,94,52
836,14,41,7,69,73,72,7,55,97,54
838,47,97,61,74,84,93,97,98,94,59
833,29,31,8,67,95,90,99,63,47,62
835,18,19,96,1,52,32,51,20,51,51
832,11,16,87,27,59,60,48,10,62,47
832,18,98,8,36,67,71,1,25,22,10
828,1,42,58,61,26,13,54,17,19,39
824,87,96,29,72,19,74,4,50,87,56
826,27,70,14,81,14,30,4,82,75,4
822,45,86,60,21,36,88,28,15,22,67
818,64,8,69,3,13,31,61,5,63,24
817,16,18,31,38,58,64,53,5,53,17
818,96,32,59,23,92,36,84,72,39,25
815,100,79,29,48,75,72,76,74,74,85
815,56,64,29,3,59,56,49,6,75,84
816,84,74,25,42,6,80,10,16,80,38
815,8,15,64,61,35,76,82,90,30,5
817,36,24,49,70,29,40,89,66,99,95
819,30,4,3,57,59,21,56,52,46,63
817,75,74,87,24,1,39,39,45,67,50
815,5,19,32,10,37,67,47,97,82,16
811,50,66,37,80,14,80,67,46,36,41
806,60,100,52,65,11,26,29,52,55,68
811,77,40,64,9,60,16,91,39,62,37
816,90,64,62,76,83,64,15,26,12,74
818,6,71,41,49,78,74,38,1,8,42
819,30,18,46,4,50,81,52,21,100,20
820,19,32,83,45,57,47,85,43,74,52
819,33,62,80,67,15,77,13,41,76,44
820,55,56,26,51,78,14,56,66,83,23
816,6,4,70,84,25,95,22,16,41,43
814,4,76,97,33,56,18,20,89,57,7
819,24,70,67,33,40,5,72,44,62,28
823,94,4,86,30,27,25,15,27,19,4
825,16,38,96,41,74,42,81,43,12,12
828,86,89,97,15,6,94,31,5,59,54
831,22,9,99,5,40,33,94,88,85,78
826,71,60,46,43,93,45,44,93,68,9
822,50,31,11,20,43,26,26,13,79,26
819,74,17,91,27,86,19,69,25,16,100
818,48,18,69,95,18,5,30,99,17,39
818,40,38,13,41,77,67,46,7,15,97
819,17,2,67,60,74,55,45,96,54,55
817,12,61,14,2,98,41,54,37,75,63
816,39,16,79,100,23,39,57,50,7,77
815,6,48,7,67,39,81,86,3,99,62
815,25,35,86,14,29,34,25,48,84,61
816,3,31,76,54,48,49,55,77,93,8
821,72,42,32,35,15,58,81,22,84,62
826,91,21,52,19,46,28,48,32,62,10
826,33,56,73,11,41,17,60,17,55,90
823,14,66,58,69,35,18,9,88,12,8
825,93,7,85,71,58,50,50,74,44,81
827,22,1,40,45,50,56,29,30,61,2
832,5,15,38,27,7,16,100,99,32,21
832,37,91,2,65,99,76,61,83,98,76
836,31,49,80,96,60,25,18,95,5,88
841,74,17,40,84,44,33,99,16,1,7
839,15,85,85,80,42,15,78,72,3,81
835,54,30,37,69,31,7,74,65,38,48
837,41,67,93,19,18,56,62,49,41,63
832,94,98,46,16,30,74,89,29,46,11
830,3,99,78,50,14,26,30,94,84,21
835,61,14,43,43,96,83,53,33,2,11
838,49,14,99,90,51,79,64,19,57,24
837,26,51,23,44,47,71,78,88,2,99
834,68,83,63,15,12,37,26,54,23,17
836,67,73,66,24,84,33,49,3,29,55
838,80,4,45,26,7,79,95,5,34,7
839,92,46,12,90,93,23,71,19,50,3
843,39,77,30,51,29,45,19,49,29,31
843,17,2,50,29,30,21,89,86,4,78
848,41,65,94,33,48,25,60,55,76,16
852,66,79,58,48,97,26,76,9,17,18
854,11,4,21,39,1,41,93,6,22,15
852,62,5,80,33,32,8,24,49,80,94
855,47,8,31,10,78,41,83,88,14,55
852,50,2,79,51,34,6,42,50,10,91
854,8,7,5,17,98,2,47,11,51,37
851,19,71,97,83,54,17,96,81,13,71
849,73,68,82,99,79,58,4,49,20,62
854,32,49,4,23,2,94,18,49,89,1
856,14,1,79,88,37,53,79,38,89,37
855,39,28,8,8,69,43,32,44,95,70
854,23,25,15,78,72,51,58,18,18,67
854,72,81,14,58,75,92,17,83,66,56
849,7,27,85,61,90,78,26,7,54,39
854,87,20,74,34,76,17,96,4,56,81
855,57,60,82,80,53,22,16,4,35,56
850,100,85,56,78,26,72,9,20,99,36
850,37,74,59,4,87,85,26,83,62,60
855,80,68,89,89,88,74,1,16,80,52
851,46,86,18,69,52,81,11,84,51,66
853,79,48,36,19,45,92,69,28,8,20
855,25,62,64,20,1,91,32,66,80,24
856,42,62,7,54,96,45,73,6,40,8
859,83,51,19,74,72,75,97,48,39,96
857,19,61,94,79,81,6,80,15,90,9
861,46,33,88,94,36,39,46,38,25,86
863,93,50,100,24,32,97,86,28,58,88
868,69,19,41,13,91,55,96,44,50,85
873,76,94,47,24,32,85,51,55,17,11
871,83,26,91,98,61,4,9,75,79,19
869,2,87,61,48,92,94,81,93,12,52
868,47,90,73,93,61,63,81,68,9,61
872,75,94,86,46,1,56,67,25,62,69
873,60,86,84,58,87,66,25,28,78,11
872,4,93,52,43,24,98,81,69,70,3
872,9,22,76,5,40,80,48,68,36,13
874,37,67,99,64,63,69,93,54,83,85
874,86,25,11,6,86,95,50,97,100,61
876,47,82,39,78,82,12,36,49,100,66
880,40,14,27,14,3,78,82,21,5,37
880,5,71,28,97,2,65,57,90,12,83
876,9,52,92,20,34,62,23,53,34,1
877,70,67,53,1,25,54,11,18,18,63
877,34,67,98,91,78,50,86,36,10,89
874,4,75,51,62,81,93,31,57,45,81
874,58,87,25,45,31,47,41,26,95,91
878,42,68,13,68,84,78,81,79,93,43
873,27,97,65,95,3,10,20,94,5,68
868,85,96,17,67,13,15,24,3,94,87
863,86,89,3,82,26,21,1,24,92,39
860,68,44,34,37,53,74,75,26,37,9
862,95,100,4,72,10,73,74,63,52,5
864,49,8,94,65,59,34,42,85,68,41
861,59,85,40,26,41,78,13,30,17,44
860,26,59,24,29,96,52,74,91,58,92
862,78,28,78,43,50,73,12,35,22,77
864,38,56,24,32,67,74,88,39,80,58
859,15,59,90,69,26,1,69,36,82,71
860,37,35,36,70,23,80,1,28,49,47
855,6,80,100,74,37,41,97,85,6,57
850,41,67,9,12,43,89,48,77,66,5
846,36,6,20,64,73,48,21,81,9,48
843,17,25,74,47,81,83,29,61,10,59
846,13,3,74,15,42,56,57,96,76,41
845,32,62,68,82,72,44,20,36,20,20
847,87,39,30,60,21,13,3,56,47,77
852,2,44,58,65,91,99,75,78,93,100
849,64,6,52,21,22,40,97,16,39,67
849,99,7,100,39,74,26,92,34,8,73
845,33,4,66,74,43,97,17,21,98,68
842,30,14,18,61,91,25,58,37,65,59
840,8,1,45,76,39,46,41,38,24,23
843,1,85,45,73,89,76,12,51,54,92
847,45,67,11,44,18,90,64,64,27,95
851,9,38,56,43,19,42,54,73,81,31
847,16,49,8,42,19,61,70,66,32,20
842,21,2,88,50,31,35,39,88,59,19
843,10,80,68,36,70,83,26,55,70,10
846,99,17,83,64,64,41,71,40,51,68
843,36,99,81,15,45,25,8,83,22,14
845,50,68,89,52,52,44,13,11,53,17
844,88,30,27,97,2,63,14,39,69,47
847,92,29,40,15,34,81,85,52,63,20
852,86,46,12,7,53,14,18,40,74,94
855,98,94,70,10,43,94,94,16,89,89
856,45,44,76,95,69,63,86,40,17,55
854,32,10,76,65,51,2,27,66,87,72
851,15,79,30,83,36,37,25,1,7,17
848,47,33,77,98,69,98,73,36,85,18
846,63,23,45,9,13,4,64,4,77,41
851,33,5,39,30,77,92,95,98,50,30
846,77,50,24,50,9,95,78,68,71,6
843,96,53,20,30,95,89,21,20,89,42
842,78,61,50,62,6,61,60,13,98,25
844,88,70,40,80,56,30,64,22,68,92
843,40,13,83,86,83,63,19,46,77,94
846,25,10,55,69,65,76,2,82,32,88
847,100,73,57,10,69,73,41,63,23,65
845,26,2,20,49,30,41,36,16,71,38
846,59,21,94,75,36,54,13,33,64,65
841,65,77,92,62,44,100,21,84,94,71
845,11,83,43,53,6,60,48,37,27,100
842,62,60,62,86,4,78,4,13,53,24
841,94,4,70,33,98,93,77,3,71,33
839,90,32,100,17,100,97,62,82,54,69
844,9,11,38,94,94,95,66,55,47,69
848,99,83,79,66,56,67,83,67,99,32
851,89,56,15,5,28,69,98,86,50,79
852,19,32,43,2,44,8,98,53,87,65
850,27,49,68,40,7,82,75,66,15,46
845,55,79,86,32,8,47,62,31,98,39
845,1,32,71,26,15,92,60,54,88,14
849,56,77,77,1,50,61,35,87,52,3
847,63,35,84,55,36,36,41,96,6,2
849,65,58,51,56,77,9,78,96,57,31
847,17,46,31,39,54,59,31,1,51,91
849,95,38,97,78,31,67,7,19,60,95
845,83,95,9,52,24,83,21,69,18,37
847,55,7,70,46,77,78,46,76,81,90
848,11,18,72,89,9,12,83,82,41,100
851,14,97,6,64,43,12,85,63,51,76
856,83,55,82,73,19,39,62,90,88,44
851,53,46,55,19,39,40,75,61,99,79
853,7,34,46,40,6,17,52,57,26,8
856,25,31,8,61,40,35,80,70,67,48
856,71,43,14,76,88,55,93,84,59,44
858,22,66,26,93,28,64,20,44,60,61
857,60,82,10,19,10,70,68,45,23,82
861,94,72,36,37,89,31,32,74,35,66
858,76,77,92,45,72,58,39,4,73,74
856,67,40,80,31,75,95,89,67,95,45
855,43,97,99,6,87,40,54,10,15,31
852,19,49,31,92,61,36,9,4,25,18
850,34,9,33,3,51,21,68,90,45,22
850,54,8,5,18,75,7,18,80,51,75
847,32,70,44,45,86,25,52,25,56,3
851,91,66,22,15,41,98,22,72,11,33
847,26,15,1,71,19,12,62,72,35,79
842,62,58,34,98,66,20,99,70,84,15
838,25,23,76,34,67,62,99,61,2,38
835,32,7,60,100,25,61,57,91,57,3
832,41,19,70,77,94,11,98,44,89,67
832,59,53,23,3,41,96,35,51,60,99
831,77,99,65,27,98,85,43,60,3,52
836,37,24,5,1,6,35,26,6,44,30
832,69,64,78,87,85,17,1,4,10,17
835,65,15,42,43,88,9,15,30,89,32
836,91,35,8,54,42,45,66,66,11,49
839,98,26,72,9,39,38,8,69,91,33
836,32,63,61,36,59,68,16,25,69,17
838,21,32,23,21,86,76,14,17,46,66
837,24,2,77,17,64,31,61,10,65,93
834,44,8,74,16,9,53,39,12,78,75
836,22,35,85,38,82,78,74,43,59,39
831,21,70,47,65,10,63,69,24,96,78
829,27,50,64,71,42,100,86,54,97,72
831,61,38,9,41,26,44,58,23,27,90
830,69,49,60,86,52,36,62,59,82,99
832,46,3,74,1,34,97,69,24,88,63
836,13,75,43,93,93,11,36,68,26,25
840,8,30,63,64,34,81,11,23,50,45
836,19,48,98,69,57,49,7,86,82,1
838,88,15,89,98,15,62,31,43,87,30
840,52,30,20,18,14,76,12,78,35,19
838,30,71,58,89,55,26,91,74,50,67
843,93,56,5,3,70,4,21,98,67,61
842,45,10,39,35,37,79,62,19,94,41
847,70,28,80,29,63,44,23,66,85,22
844,21,14,3,58,76,44,4,75,71,15
849,82,62,91,100,64,8,22,25,75,20
849,95,69,64,29,41,93,17,93,37,71
847,8,4,43,26,35,11,40,87,24,21
847,97,16,54,76,61,97,45,95,60,64
848,98,34,97,30,23,27,100,82,55,15
845,45,11,80,48,64,43,38,54,13,33
847,27,5,79,48,99,48,54,25,23,61
845,48,9,92,73,62,97,93,48,21,53
850,45,56,34,24,57,23,82,34,62,17
850,9,27,85,97,73,14,29,28,40,26
847,54,80,38,54,68,39,69,40,33,35
849,93,28,8,58,42,44,92,75,58,95
848,74,20,98,94,55,37,61,95,39,47
851,22,7,84,44,91,28,100,2,61,33
855,30,36,79,72,50,18,71,71,26,30
853,14,84,81,51,23,8,36,55,65,20
851,6,1,1,26,59,2,43,24,99,100
852,27,90,13,37,10,69,40,11,26,46
851,46,6,7,94,15,22,53,24,34,97
855,21,28,66,24,80,58,98,100,40,27
858,93,16,100,12,18,36,86,14,93,59
853,26,57,96,10,96,81,5,42,9,87
848,71,48,19,55,81,45,100,25,97,34
853,47,69,37,89,9,2,74,35,25,42
852,90,15,76,44,33,11,73,68,27,9
849,54,86,45,10,11,59,85,79,73,19
844,3,81,15,77,92,19,78,8,72,56
839,46,8,44,100,96,98,65,57,99,59
839,70,86,97,88,65,76,49,25,34,86
837,91,93,80,85,100,66,32,42,4,3
841,58,97,85,1,25,38,25,68,73,42
841,7,10,37,73,13,38,19,49,9,53
846,55,39,96,94,90,53,24,20,21,83
851,49,85,80,99,3,40,64,66,55,87
846,35,19,33,88,6,31,38,61,87,55
851,50,71,26,64,14,60,49,29,52,71
853,6,55,61,70,60,96,13,64,40,17
854,97,98,3,100,95,28,82,36,64,19
856,61,80,67,80,56,73,100,90,36,69
859,100,88,91,39,58,7,50,56,49,2
860,5,78,76,88,27,84,9,28,40,52
859,79,7,11,69,28,50,12,92,16,16
858,8,96,90,31,11,68,28,89,54,81
854,55,87,21,62,53,16,93,99,59,66
859,4,16,35,69,78,22,79,20,76,56
861,13,81,52,46,12,91,76,3,9,49
858,76,72,70,74,63,31,43,47,23,23
863,45,35,28,65,82,96,75,64,77,71
863,27,44,31,60,86,8,74,49,26,81
861,41,21,69,45,51,46,47,66,85,81
858,82,49,61,53,46,13,54,33,90,2
853,94,72,55,89,30,68,65,67,11,94
849,64,86,91,42,62,41,26,13,11,16
851,45,86,13,60,64,93,46,46,29,47
851,65,48,79,54,67,55,29,56,45,69
849,32,82,90,94,87,71,99,71,86,58
848,7,89,14,39,58,84,85,32,88,95
846,31,15,93,48,40,40,61,4,66,8
842,13,31,47,66,96,54,98,64,29,18
842,77,5,78,13,45,10,93,78,45,80
843,71,89,98,22,24,92,82,55,6,84
845,65,20,61,35,46,38,82,55,13,13
846,74,26,56,53,99,3,8,15,72,58
841,8,40,92,5,29,82,13,61,58,3
846,33,39,9,90,68,13,12,45,39,55
845,31,5,20,74,79,21,42,19,94,84
847,26,29,89,13,100,16,56,30,95,76
847,88,38,26,9,12,43,73,21,95,79
849,88,91,26,97,28,66,24,52,52,46
847,22,48,86,74,64,12,73,92,37,24
846,25,5,14,17,53,3,73,10,63,14
844,14,62,56,49,4,6,96,16,3,84
847,16,4,30,55,5,62,59,14,20,34
852,92,8,22,30,4,27,87,16,92,16
851,96,76,99,10,88,24,12,66,86,80
848,86,84,67,51,45,45,49,42,31,89
849,8,98,71,48,53,95,62,81,13,100
854,3,65,68,6,62,3,57,49,71,80
850,34,86,24,55,7,16,82,40,54,36
846,97,33,19,82,60,61,54,63,31,11
849,53,33,31,41,87,41,64,96,2,35
850,34,23,68,10,50,60,6,84,28,19
850,78,60,18,6,61,13,58,31,12,29
847,37,93,19,71,3,14,33,11,94,80
851,78,22,43,79,55,90,59,6,62,85
851,19,57,33,92,70,87,40,33,66,82
854,91,46,65,13,18,39,92,58,56,34
852,38,70,38,53,99,98,36,7,45,96
854,51,21,68,73,84,95,38,61,85,36
850,18,3,95,100,79,93,60,65,99,92
847,88,22,69,23,43,97,95,91,22,82
849,25,85,9,29,40,30,35,8,29,35
853,55,21,17,24,7,61,3,58,44,91
853,15,46,55,81,2,27,50,24,41,44
854,71,62,12,26,86,22,47,69,57,49
854,59,76,28,97,41,7,5,27,74,100
854,58,18,80,62,61,28,69,88,1,6
855,90,91,23,75,96,58,10,6,30,58
860,96,5,99,33,49,43,79,71,72,2
855,67,30,44,81,31,36,58,5,78,76
855,69,67,48,62,100,30,40,100,32,32
855,43,19,35,28,92,79,71,75,94,8
858,55,35,49,40,2,69,27,79,80,20
858,21,2,55,76,47,42,52,80,60,44
857,11,90,52,93,94,93,82,100,75,52
853,19,26,34,54,50,53,47,97,71,75
848,9,32,7,2,82,65,41,53,31,62
848,67,38,78,13,9,76,62,36,91,84
847,11,29,47,16,1,78,100,22,56,67
851,19,55,4,54,59,74,79,40,15,35
848,80,79,31,78,11,90,91,96,17,52
853,92,72,77,24,89,43,9,6,5,52
850,13,22,74,26,40,63,91,88,80,55
847,21,10,63,42,72,89,6,77,4,91
850,50,44,24,60,4,48,90,97,44,87
854,34,33,99,36,86,67,25,78,9,46
853,78,31,21,4,96,86,2,41,65,6
853,76,76,24,48,39,17,69,9,34,70
851,12,78,71,47,15,17,32,84,53,63
849,44,75,72,59,57,27,36,19,87,22
847,67,98,53,10,16,68,37,45,35,19
843,18,34,14,77,85,45,85,49,6,33
839,71,81,15,92,20,89,8,7,30,12
837,84,99,5,18,74,88,5,85,4,16
836,56,53,8,37,73,90,31,14,66,55
831,52,75,24,25,54,1,86,10,9,82
826,28,60,97,51,95,42,30,66,95,64
821,25,11,20,59,28,29,40,89,35,26
819,100,46,41,34,61,41,74,10,15,78
814,31,85,34,53,61,74,5,17,30,29
813,15,93,19,50,6,62,17,8,83,33
809,4,55,85,53,7,56,87,68,1,47
808,51,23,39,93,79,20,54,32,11,32
810,61,49,68,76,64,97,81,56,32,99
814,45,23,1,10,79,37,45,35,36,100
812,61,58,67,11,82,19,94,25,15,82
816,27,2,33,64,38,46,77,72,76,73
820,29,53,93,24,72,71,97,1,34,93
821,16,92,86,52,43,36,9,41,75,92
816,92,8,80,97,20,92,19,75,58,13
820,41,75,61,35,93,84,15,44,10,19
816,69,34,51,10,8,23,9,51,47,25
813,87,81,31,56,35,87,73,62,87,56
811,17,96,28,38,55,26,92,57,45,100
815,83,94,98,86,61,57,58,75,31,36
818,95,20,1,31,51,82,8,72,9,100
821,82,66,41,32,85,70,21,2,65,77
821,89,96,34,31,89,65,6,97,68,96
816,85,6,51,27,45,12,1,51,62,94
811,43,67,60,95,2,63,25,86,13,55
806,5,75,75,99,27,98,27,15,32,41
805,78,54,93,65,5,13,89,16,80,20
809,46,60,21,31,29,82,52,69,100,2
810,80,76,21,14,17,15,50,51,6,84
812,7,39,77,57,84,89,25,53,37,61
817,77,70,52,55,55,40,61,70,47,99
814,51,89,39,95,47,86,36,9,79,20
815,7,38,83,37,97,33,88,29,97,11
816,53,28,58,49,80,30,62,51,62,63
811,47,37,12,9,7,94,23,6,5,38
810,35,47,72,29,56,89,25,26,95,85
809,92,87,24,77,69,70,57,77,33,55
813,80,93,71,21,14,17,50,49,94,57
815,99,7,33,22,24,94,21,14,41,48
817,96,7,7,19,46,8,68,84,87,59
813,95,56,23,79,94,70,85,54,59,81
818,62,98,82,20,27,53,21,38,47,79
819,79,58,52,69,73,92,100,82,90,90
818,44,16,35,36,2,86,8,68,47,53
813,92,71,39,48,1,9,48,72,88,63
809,49,79,12,82,24,83,20,39,99,95
804,70,95,4,12,57,100,4,97,89,88
802,14,89,51,51,69,92,74,8,73,55
804,80,70,39,26,75,36,46,47,26,57
807,93,75,54,3,62,17,42,75,35,36
809,89,22,11,91,48,18,37,28,33,46
812,33,15,81,99,24,97,89,85,77,6
807,14,68,66,58,9,2,94,4,92,9
806,100,51,84,31,100,62,58,24,13,53
805,86,31,3,11,22,46,30,74,67,93
801,9,16,95,37,16,60,94,10,22,92
802,98,45,70,13,3,31,48,25,22,57
803,38,71,22,2,70,56,85,78,52,70
808,53,71,17,59,75,98,32,26,6,93
806,67,83,90,76,58,51,33,95,83,76
808,56,28,21,38,15,55,33,99,16,48
811,45,36,62,45,25,25,11,87,78,66
807,31,76,85,64,78,78,5,84,9,13
807,49,86,14,35,43,46,85,63,51,73
811,11,92,58,31,10,11,64,71,89,77
815,59,72,19,67,99,34,19,13,59,37
819,87,89,9,22,71,11,44,31,46,76
822,83,81,55,60,69,37,77,17,17,22
821,44,51,65,46,50,60,82,88,64,91
826,21,57,77,48,39,40,4,30,60,34
824,54,83,36,3,31,37,81,60,96,92
821,76,89,8,92,68,65,10,35,23,86
823,21,22,45,25,25,56,92,65,30,7
822,25,91,30,91,34,16,20,52,19,86
826,4,80,55,23,74,83,34,32,34,51
830,21,23,34,57,37,51,6,43,1,93
828,18,34,99,67,87,86,60,39,71,93
832,72,55,33,8,18,13,4,5,32,52
832,61,15,76,43,54,16,66,70,24,40
828,2,16,39,88,58,31,61,36,40,27
833,97,27,19,15,42,35,71,83,20,16
837,63,25,20,51,59,11,68,1,46,16
835,37,19,28,87,90,86,55,49,71,47
835,30,41,2,82,42,97,41,99,93,15
838,16,74,15,53,23,21,19,50,58,58
837,69,1,62,37,2,89,16,95,63,12
842,32,38,42,41,61,23,28,74,36,44
844,91,87,18,91,77,80,5,76,71,35
846,71,41,93,71,65,45,19,91,9,6
845,75,33,48,58,48,51,34,5,51,46
842,100,46,26,6,21,74,74,80,67,78
840,26,82,22,84,11,2,19,96,49,64
844,11,34,23,61,27,98,95,51,64,78
841,61,15,53,36,32,4,30,26,84,42
842,25,53,1,63,17,70,22,91,16,84
844,41,89,74,5,89,72,75,38,41,11
841,94,69,57,87,44,40,46,100,45,59
844,67,22,4,20,19,50,61,90,69,68
840,66,78,95,63,30,50,26,95,28,80
838,63,47,95,33,64,1,59,66,31,36
833,47,47,29,41,71,45,48,98,79,23
838,51,62,48,73,90,100,81,99,42,59
835,98,14,75,4,37,82,54,51,95,36
836,33,80,68,100,69,72,84,10,30,34
831,46,77,67,41,63,78,75,90,20,47
830,16,85,21,99,23,79,58,33,28,79
829,78,69,60,54,71,90,2,24,34,9
833,39,70,93,64,54,22,47,30,55,58
832,18,25,85,63,7,22,96,100,48,32
837,4,43,33,1,93,82,66,33,85,43
842,13,15,16,55,28,51,76,92,15,81
846,49,40,8,49,97,59,32,38,51,80
849,46,58,62,53,90,3,56,15,51,35
844,97,63,18,1,100,22,8,6,52,59
848,90,5,42,98,21,52,87,36,58,79
848,34,39,11,40,7,67,12,2,44,56
846,61,73,80,91,99,46,43,25,77,2
844,12,37,50,93,42,15,1,100,4,9
842,93,85,3,18,67,25,2,46,82,75
845,98,43,57,49,20,21,80,43,48,14
845,83,69,72,33,82,25,43,40,5,22
842,75,40,92,50,16,94,40,66,39,13
840,19,86,18,13,77,15,52,95,39,60
835,82,19,27,71,26,68,41,95,32,23
839,6,65,99,54,64,67,8,49,58,7
841,27,80,76,90,90,34,29,96,41,19
844,49,59,25,27,42,34,73,53,73,20
847,74,45,20,20,74,61,32,96,66,45
847,35,75,84,10,63,30,41,24,96,64
843,56,27,87,90,18,38,65,16,61,38
846,95,90,44,91,35,32,47,13,32,82
845,75,21,17,59,35,26,93,66,66,10
847,32,40,53,93,51,64,56,75,34,32
845,43,98,76,49,78,51,16,19,70,84
841,27,98,6,88,8,18,49,65,45,81
837,77,31,14,88,26,34,63,60,77,12
840,2,49,42,38,14,5,61,42,100,1
840,28,29,27,94,77,2,46,62,63,87
839,63,50,32,87,30,100,9,9,71,18
834,72,16,78,20,56,47,9,19,7,86
829,71,70,6,76,60,25,36,4,62,75
833,59,81,97,90,45,6,4,76,43,54
828,93,52,47,80,77,8,97,17,19,35
832,67,38,65,36,29,34,74,99,4,64
832,88,44,44,65,15,6,52,88,55,96
835,15,41,8,10,91,25,59,33,52,52
834,59,97,79,64,14,35,5,69,46,60
834,93,85,15,89,78,97,30,3,27,20
839,64,13,88,18,82,73,83,34,72,52
843,82,58,26,69,100,25,17,13,68,79
841,16,80,48,51,54,19,21,22,70,55
846,92,77,55,65,53,59,39,40,90,1
849,4,16,63,34,27,58,97,56,15,56
847,51,90,74,31,29,93,92,99,45,25
847,91,27,11,94,54,12,67,56,60,10
845,85,4,93,72,46,15,63,72,43,86
850,27,69,92,89,64,9,11,12,58,91
850,99,3,32,4,50,46,36,35,6,12
852,81,11,84,44,76,65,38,71,57,8
850,86,4,3,83,9,77,54,64,13,55
848,21,35,84,70,90,18,45,22,12,34
847,100,14,8,3,23,97,92,35,69,28
845,37,12,66,64,73,19,100,10,51,8
844,86,52,52,44,72,78,15,34,76,88
840,93,70,34,96,49,3,61,90,47,3
841,96,68,65,18,32,22,17,95,52,6
837,35,67,79,88,35,93,73,50,52,72
841,60,25,47,68,79,94,98,18,35,20
840,100,76,38,35,35,66,65,94,91,39
837,51,31,12,34,63,20,6,70,28,68
842,48,73,92,66,9,4,78,42,37,67
842,39,74,14,23,79,78,72,14,34,74
846,54,83,19,59,90,97,19,41,92,33
845,47,51,23,24,42,21,89,44,3,26
840,57,89,46,51,29,47,10,58,70,2
843,81,48,67,27,54,37,7,40,90,88
846,27,97,93,12,47,29,5,46,90,44
843,74,24,24,84,31,66,24,35,29,46
847,33,82,71,90,88,42,27,87,38,18
847,34,71,60,2,57,23,38,5,92,39
844,26,33,4,7,92,1,82,3,36,71
848,23,54,9,51,68,35,55,49,57,72
847,84,66,86,95,53,28,34,7,10,63
842,57,93,59,7,31,60,27,93,51,88
845,23,100,77,12,11,30,1,70,56,4
845,67,100,86,67,33,65,62,76,70,59
841,3,23,60,38,83,50,85,40,26,13
843,82,27,100,38,47,2,99,16,28,80
840,18,62,98,77,56,93,1,60,83,14
839,35,21,66,37,42,75,64,92,70,96
835,30,95,14,29,99,57,42,60,85,33
834,46,92,96,3,85,55,51,41,71,31
832,8,44,60,64,10,61,3,73,58,7
831,37,11,8,71,51,31,55,59,37,4
836,65,72,59,56,80,93,49,86,89,34
832,61,86,46,14,87,22,88,18,46,64
827,86,31,44,75,66,67,49,46,60,28
829,33,59,90,11,95,80,47,84,59,20
833,68,61,26,1,76,82,23,91,65,48
831,16,17,81,72,1,66,28,11,100,72
831,93,13,82,18,15,62,27,16,9,67
836,20,41,17,24,21,41,12,66,16,8
838,81,93,56,39,14,95,12,46,72,72
834,22,22,99,58,82,12,3,42,39,35
830,86,50,65,14,72,17,96,96,6,5
827,52,2,17,48,77,72,63,72,93,67
825,7,51,1,78,70,84,27,94,18,21
827,24,38,89,41,57,11,64,47,27,86
828,44,13,79,90,8,64,69,74,56,71
825,62,89,49,77,95,34,1,34,52,74
827,46,37,88,83,91,5,19,89,88,30
825,83,51,16,48,67,20,24,12,95,45
827,1,42,36,94,69,22,55,82,73,84
828,1,87,37,93,67,76,49,34,66,41
826,2,73,94,97,70,14,82,59,100,90
822,1,22,2,44,65,12,52,84,42,78
826,100,44,47,85,15,94,6,45,10,36
824,5,47,63,57,39,92,39,60,37,43
822,99,93,34,21,26,32,94,48,20,10
817,16,48,73,78,94,22,83,56,64,94
821,62,78,99,55,13,91,21,25,91,96
826,2,51,82,34,88,21,50,53,86,29
828,12,62,38,47,61,37,20,42,93,93
833,65,50,42,55,97,47,91,20,100,39
837,93,65,66,47,42,26,33,44,12,3
838,99,85,58,8,77,98,58,91,58,90
834,71,70,96,77,25,42,50,76,90,79
831,22,41,69,79,32,94,56,71,61,88
836,84,3,63,76,38,41,48,43,90,64
838,10,78,29,5,88,40,71,45,63,48
841,56,70,60,71,61,3,14,66,64,25
836,60,85,5,35,72,37,37,88,26,25
838,92,74,83,82,18,30,21,99,47,39
839,16,18,36,13,86,46,35,74,30,62
837,64,41,22,43,66,23,69,65,88,43
834,81,97,11,79,4,49,62,14,50,54
832,3,43,14,90,17,42,44,41,40,11
831,43,17,92,1,77,76,80,77,25,39
826,36,42,11,20,26,46,25,50,69,88
821,95,29,34,57,8,76,59,55,70,52
824,57,86,36,13,6,41,28,9,87,48
828,52,66,51,44,86,19,11,94,41,48
826,30,2,63,64,98,19,33,24,59,85
821,85,6,37,53,3,59,51,32,98,16
824,25,91,68,13,11,20,46,58,11,59
826,57,80,7,77,47,15,15,88,21,6
821,14,68,22,31,79,92,88,8,85,25
819,85,63,4,55,33,73,96,84,70,69
818,96,30,28,73,29,86,55,9,19,60
818,27,12,68,80,64,42,26,67,42,38
821,38,59,41,11,49,59,92,8,94,39
825,38,53,18,23,43,44,48,3,38,50
829,92,20,60,4,52,100,52,46,67,76
830,84,75,44,91,41,71,82,41,76,42
832,26,29,49,23,62,68,16,71,47,36
835,22,22,38,28,39,67,47,39,76,33
837,37,44,7,49,23,74,96,93,5,70
835,29,29,84,1,36,58,33,20,8,8
840,46,34,67,67,33,96,54,50,36,63
845,75,73,70,53,17,89,86,33,68,97
845,96,20,52,53,56,6,100,48,1,60
848,28,33,25,71,2,37,59,46,16,47
847,29,95,71,37,9,34,79,67,74,37
844,46,64,44,99,31,89,34,44,51,40
846,21,49,26,13,31,45,29,39,83,81
844,96,56,77,75,64,2,66,64,80,19
845,83,42,15,78,63,28,89,1,84,60
843,51,68,40,25,40,75,68,49,54,95
846,68,99,17,21,57,30,19,29,57,81
850,93,66,91,18,22,16,76,51,43,1
855,45,81,7,67,74,64,82,79,67,72
859,38,58,57,76,57,22,30,78,77,22
859,20,73,26,83,2,9,34,27,4,36
857,21,41,1,19,54,66,8,50,8,59
852,63,71,43,5,99,49,98,21,10,59
856,84,10,27,71,11,2,62,3,20,2
858,13,3,7,58,41,11,45,28,3,60
855,99,79,2,9,5,61,35,53,46,67
853,48,51,7,67,43,60,3,38,83,25
856,57,23,99,12,53,3,64,38,20,88
855,7,18,69,93,45,1,29,40,41,76
854,59,34,24,22,28,84,63,22,9,63
854,36,75,91,76,21,80,87,63,71,9
850,72,79,90,3,16,59,92,50,1,30
853,41,60,98,72,6,11,100,3,85,66
857,91,29,36,37,41,28,45,22,82,81
858,45,73,83,46,54,99,48,79,17,97
858,91,85,23,94,52,71,64,66,33,89
863,75,20,21,28,38,46,88,31,75,31
864,26,24,92,66,91,91,59,27,68,89
861,55,25,32,82,32,93,33,85,13,3
866,65,65,46,56,26,99,89,65,44,1
867,45,9,14,8,73,52,64,34,31,73
864,34,58,12,21,36,90,68,77,37,26
865,2,11,7,69,91,71,14,56,91,40
860,70,49,62,15,2,63,79,1,48,64
861,38,80,85,56,49,42,86,79,51,89
860,89,94,31,19,89,99,22,41,42,6
860,78,43,67,8,26,41,81,61,90,47
863,68,91,47,23,74,2,38,96,47,27
862,70,24,87,55,6,99,99,91,96,71
864,21,38,12,56,49,14,60,74,72,82
865,67,53,22,42,9,9,86,94,2,34
868,42,19,18,86,86,98,83,84,32,33
870,40,29,13,83,47,90,11,87,49,85
868,63,67,75,76,84,23,49,75,4,22
866,43,38,65,39,63,46,59,39,44,58
861,85,74,31,86,99,33,13,63,23,10
865,83,67,88,35,88,26,15,14,43,63
866,32,84,17,38,48,90,35,22,38,29
863,39,8,11,18,46,41,38,85,6,53
862,81,75,57,25,14,99,68,20,52,23
863,65,5,36,48,66,38,13,80,44,70
859,88,37,71,52,27,63,97,18,83,83
862,43,68,35,28,89,88,73,50,5,59
859,8,94,59,6,50,94,3,13,86,58
864,46,7,18,32,47,43,78,98,17,25
861,22,57,92,4,22,52,12,56,54,34
864,95,37,56,61,40,44,34,87,60,88
865,82,46,47,21,36,49,74,94,75,100
860,76,25,71,87,62,5,68,68,37,36
865,83,8,39,89,74,50,57,13,4,97
867,82,1,98,82,72,24,46,82,28,43
862,94,52,61,72,66,63,97,56,67,12
865,30,95,55,80,35,2,24,34,35,94
868,9,68,17,88,64,78,58,53,80,99
867,53,51,21,63,24,21,20,19,65,12
866,57,83,96,48,58,60,71,56,90,58
863,85,33,70,86,20,80,92,87,99,54
863,89,11,96,45,32,86,61,11,59,51
863,16,39,64,60,97,89,69,31,94,33
864,97,44,67,45,49,70,76,11,38,34
859,44,41,96,49,19,52,43,27,52,2
854,94,65,38,31,55,10,15,87,21,60
856,70,88,39,95,22,98,72,55,30,82
852,68,84,58,17,81,24,75,36,1,34
852,29,64,3,26,14,31,52,12,49,29
857,78,34,72,33,13,99,4,34,40,11
853,88,16,42,2,71,82,79,54,56,25
849,95,68,60,4,14,44,61,76,11,22
844,92,98,49,37,82,18,79,58,89,97
846,33,40,3,64,86,26,97,80,79,52
844,56,6,15,68,57,73,81,31,78,6
840,69,38,44,4,92,10,24,27,90,56
835,15,36,39,14,7,97,64,14,2,11
835,90,66,48,64,13,69,45,31,92,45
838,52,15,37,91,83,24,5,86,27,13
835,46,72,84,36,30,78,23,70,4,40
840,50,43,84,71,71,83,20,17,30,16
845,33,76,83,89,33,79,53,78,61,36
849,64,93,67,43,74,13,20,21,15,70
848,18,33,2,64,10,9,4,69,44,73
846,72,67,83,21,57,65,75,2,50,97
843,55,49,47,34,90,56,28,22,37,24
845,44,2,100,93,64,85,12,49,86,56
840,56,57,92,41,98,25,21,10,40,6
837,59,95,34,45,15,9,50,65,15,1
838,15,6,49,33,35,94,40,67,21,66
843,78,37,53,62,20,64,36,51,45,96
842,15,22,33,79,80,25,23,48,18,52
844,66,80,42,57,62,93,67,56,71,4
845,33,26,76,67,21,40,9,7,49,73
840,65,50,32,5,33,16,28,61,13,3
842,64,73,76,30,93,79,97,64,11,76
847,31,17,71,9,22,81,32,47,81,82
850,15,41,54,83,48,13,1,58,1,10
847,2,24,64,6,85,17,61,5,58,91
842,52,63,28,19,53,54,100,21,65,96
840,20,76,46,40,90,24,75,73,78,30
842,90,37,40,66,32,8,87,50,89,97
839,20,100,3,15,91,7,44,51,99,83
835,55,37,8,80,47,33,61,91,33,82
834,13,40,56,38,58,68,50,82,97,58
839,41,91,50,60,4,13,23,99,79,74
838,51,32,21,47,38,28,100,59,39,36
841,57,15,59,63,12,97,49,80,68,21
841,93,8,33,19,89,5,51,94,7,50
844,60,73,55,73,16,92,82,36,83,3
843,78,72,18,43,39,78,33,16,89,20
839,67,36,27,62,48,27,36,26,52,11
843,32,87,6,81,2,1,15,65,47,51
846,70,38,1,94,34,44,23,31,23,73
845,83,16,92,19,58,93,47,53,72,33
844,97,16,27,46,73,27,62,81,31,72
848,37,24,52,79,72,66,56,58,34,57
844,32,48,32,19,40,53,44,52,100,61
840,49,46,42,50,88,25,42,90,39,33
840,41,24,56,92,28,96,77,22,14,15
845,74,53,90,98,38,42,83,55,93,70
841,39,34,86,61,52,92,57,23,99,87
844,2,39,24,19,57,23,16,70,23,44
845,53,29,35,1,96,38,32,42,53,36
850,45,89,93,2,13,51,40,33,32,34
853,97,43,40,78,55,19,72,12,72,46
851,59,59,24,22,52,70,41,41,49,56
849,78,20,35,48,98,40,96,15,42,58
845,75,89,46,87,80,65,81,30,4,3
848,39,33,12,23,40,4,41,12,8,5
851,49,65,96,97,19,57,47,30,95,69
850,12,63,89,13,73,63,52,96,71,92
846,9,87,2,96,2,21,94,88,45,61
844,51,92,34,42,57,78,76,33,62,24
843,27,23,10,95,9,19,6,12,4,26
846,43,87,34,65,68,45,83,54,79,25
851,87,87,65,53,54,79,91,90,83,37
848,54,54,72,98,25,26,62,83,38,20
847,38,97,19,41,88,36,43,91,95,77
845,19,35,6,25,58,26,19,28,1,30
841,31,97,84,55,76,95,38,46,81,61
846,48,16,11,67,58,26,48,14,98,85
847,79,75,35,51,43,25,71,31,8,12
848,88,30,99,45,30,87,2,48,46,98
848,34,33,53,22,17,41,75,63,13,35
852,29,37,70,65,40,37,65,93,43,77
851,80,96,17,89,59,80,88,20,22,56
847,77,82,69,43,78,85,47,89,18,64
846,65,44,47,95,95,37,9,61,8,65
850,65,89,80,3,8,13,94,7,53,55
848,16,2,38,42,46,88,92,16,78,10
843,47,56,87,92,40,87,41,87,12,57
844,18,15,75,44,64,93,27,60,86,52
849,72,76,93,98,47,46,80,64,88,12
849,91,100,80,95,78,21,6,91,32,78
851,55,38,34,96,35,25,54,79,83,26
848,8,37,11,59,4,100,23,39,90,67
848,54,89,29,72,11,57,4,85,54,24
851,12,11,15,94,82,76,68,25,43,64
853,70,21,62,28,25,81,68,75,34,97
856,9,6,28,80,21,62,85,16,81,34
861,60,86,60,4,26,26,58,29,31,29
857,64,51,4,50,88,37,100,34,20,42
858,72,4,68,21,84,58,33,24,90,28
855,45,14,35,54,45,61,91,7,20,47
854,74,52,63,80,31,76,38,88,62,5
856,82,79,84,59,69,99,54,25,36,24
852,67,46,16,15,57,94,19,73,25,63
849,96,2,37,10,62,50,48,24,88,75
844,69,65,61,83,35,28,46,17,4,94
846,64,96,89,7,32,94,10,63,43,18
848,95,10,5,60,10,24,7,50,26,96
851,2,57,72,90,13,66,100,34,67,79
853,64,53,44,5,2,24,93,84,46,14
850,99,59,60,23,18,49,97,49,89,98
845,67,55,90,68,50,71,48,73,83,29
840,68,5,51,70,93,90,70,51,69,84
845,26,62,51,19,58,19,60,32,24,31
847,10,65,72,30,64,69,18,39,12,93
842,23,23,49,56,16,10,5,1,59,63
847,22,10,57,40,25,100,56,52,16,73
844,4,12,4,32,68,3,65,99,90,23
841,38,9,65,13,44,22,39,42,92,51
844,27,30,51,4,32,89,1,9,21,88
847,57,11,20,29,29,28,42,94,32,59
843,8,59,6,9,61,58,31,57,2,95
839,35,31,27,76,59,11,44,89,98,18
835,92,25,81,58,64,94,35,54,87,53
830,64,8,71,11,99,70,23,37,6,57
826,29,96,40,12,7,33,32,32,79,42
821,42,47,8,47,94,54,92,40,95,53
817,70,88,17,77,74,2,52,68,81,90
818,57,4,24,57,14,93,8,50,33,87
820,60,9,10,37,31,28,24,99,36,1
823,8,60,78,46,3,53,91,23,8,92
827,99,78,49,18,96,74,82,47,35,35
827,42,3,97,81,56,71,61,35,93,26
824,13,40,55,51,54,97,4,41,39,94
826,45,63,64,20,43,39,57,33,62,68
823,30,59,4,74,40,57,32,99,91,16
825,30,12,35,86,85,25,51,66,42,81
825,11,24,92,26,37,41,97,84,57,77
823,33,74,1,32,14,80,11,74,85,55
824,58,20,76,35,65,62,34,54,66,5
825,27,74,17,80,17,65,79,68,3,39
829,52,65,7,2,36,76,81,59,55,76
825,79,75,13,87,90,65,66,81,59,15
823,53,48,95,14,97,84,51,91,33,36
818,39,94,52,27,46,95,30,49,74,84
813,9,87,43,78,29,20,7,30,42,21
815,57,81,35,61,79,65,88,44,83,93
815,43,22,98,17,49,56,36,33,5,37
811,45,98,19,65,8,68,33,21,80,25
814,26,49,71,13,73,71,60,34,28,48
813,57,45,100,9,9,55,86,99,66,11
810,25,50,85,17,11,9,4,38,19,64
809,56,47,51,24,67,47,59,62,14,42
808,27,90,88,40,75,25,9,91,94,42
810,69,58,69,20,16,29,7,72,53,85
811,9,53,59,83,26,4,95,55,75,87
814,18,36,64,59,41,51,15,66,18,38
819,21,1,56,36,64,3,36,80,65,3
815,72,88,8,87,64,77,67,53,93,25
817,99,53,81,53,36,15,36,15,18,44
813,13,1,73,28,76,71,83,82,13,13
812,75,26,19,37,59,50,24,7,20,3
817,79,72,48,54,27,20,82,92,44,42
819,31,99,10,21,39,6,79,67,99,100
814,24,60,88,26,62,96,14,46,100,8
817,75,22,97,57,25,35,23,19,52,57
817,4,57,21,47,96,49,13,88,59,52
812,18,97,7,2,10,17,11,57,54,11
814,73,10,91,37,96,17,36,62,67,55
815,39,97,25,35,97,84,14,21,13,93
814,58,2,74,47,66,100,81,5,88,93
811,12,19,10,92,77,66,37,6,63,84
809,55,80,36,73,81,27,97,64,75,76
805,77,19,64,92,69,59,50,14,27,75
802,24,21,70,94,14,58,62,96,46,16
797,9,2,71,40,62,69,40,96,32,47
800,60,97,79,31,54,9,62,53,82,67
801,73,88,34,16,38,44,97,76,51,82
805,72,89,11,24,93,97,18,98,64,16
801,87,17,94,51,19,59,92,21,94,48
805,64,50,93,59,70,7,38,64,43,15
810,17,10,9,80,81,96,73,80,87,28
805,81,4,89,54,82,98,91,86,89,63
808,14,67,35,91,67,71,27,88,27,79
809,30,43,74,89,71,76,90,57,35,16
814,33,59,40,36,54,44,2,68,98,26
816,70,6,63,80,19,32,68,4,43,50
812,73,68,32,11,57,23,63,31,96,56
809,4,26,27,62,26,20,46,3,16,74
812,51,15,27,42,47,17,73,77,76,84
817,99,14,13,56,28,72,5,48,94,1
812,79,37,60,58,51,80,72,87,39,2
807,32,21,85,45,63,88,89,2,56,21
805,6,21,46,40,13,86,88,11,6,56
806,85,39,29,45,29,71,2,26,15,90
804,81,83,33,98,68,37,86,65,92,30
809,80,89,68,87,35,92,2,79,80,49
810,3,80,66,9,76,43,37,79,33,41
815,16,62,24,89,59,58,3,23,18,25
810,3,37,75,44,36,54,19,36,42,83
812,37,37,80,58,72,46,2,10,17,47
809,26,28,31,63,50,36,42,85,78,94
806,43,71,83,49,60,32,37,78,91,3
805,67,17,38,12,76,24,62,9,28,53
807,48,4,78,55,10,3,47,38,5,26
806,66,67,84,71,65,22,100,85,61,16
809,60,86,32,27,12,70,47,81,40,14
804,38,27,23,3,18,88,19,65,1,21
803,28,51,27,65,49,97,75,14,41,2
808,29,55,1,72,26,9,76,82,68,74
813,33,67,77,46,100,25,5,29,24,45
811,15,4,88,21,15,87,17,58,51,29
816,13,92,92,72,32,46,51,68,55,86
819,37,31,17,43,18,14,40,1,49,45
822,98,99,11,6,41,16,69,54,9,38
827,3,27,68,79,20,45,90,68,11,58
826,70,40,89,59,73,65,4,15,35,21
826,55,81,4,72,94,34,34,7,60,63
823,65,40,39,20,98,21,15,100,84,100
821,26,94,35,42,3,29,51,56,4,60
819,27,23,1,65,92,95,83,51,78,98
822,91,29,52,96,60,5,85,41,54,50
822,9,83,21,99,37,92,59,5,62,8
818,87,64,75,27,7,52,80,71,83,47
818,87,2,84,56,72,46,13,81,7,66
818,73,100,22,82,63,70,19,95,39,100
820,62,58,69,53,42,50,79,33,80,38
820,100,9,4,90,94,5,91,76,20,31
824,11,10,79,4,90,48,29,75,67,28
825,86,9,41,40,89,15,69,70,98,45
820,91,83,96,35,32,60,86,83,22,69
822,81,35,89,38,15,78,47,4,29,80
821,11,72,99,25,11,98,83,90,57,49
816,10,4,49,45,37,73,96,69,100,56
821,92,96,50,97,55,13,99,96,40,51
826,49,31,70,5,16,26,84,12,19,51
824,22,3,72,25,76,23,75,77,79,13
821,8,59,32,70,40,56,24,78,9,56
817,30,44,65,72,23,31,80,35,53,65
818,82,22,22,45,98,64,17,63,77,6
820,38,80,89,80,61,90,99,39,16,35
817,5,37,71,72,25,83,55,16,34,76
820,72,25,17,15,94,38,91,32,65,33
823,33,39,19,77,59,44,79,74,45,1
821,68,24,29,83,49,71,56,33,25,67
818,27,69,78,43,29,98,59,99,67,15
821,51,77,81,35,37,77,73,91,55,20
826,25,64,5,86,95,72,69,53,47,80
830,49,14,95,79,69,80,53,91,46,93
831,64,14,60,77,50,80,65,45,40,94
835,99,39,93,57,32,14,48,56,15,38
830,50,28,27,60,35,84,51,27,88,72
833,49,29,70,76,13,89,89,90,20,100
835,40,13,4,54,27,62,9,33,100,9
836,88,5,79,60,80,12,85,88,18,63
834,30,2,94,73,97,20,83,73,94,85
829,25,2,90,94,80,52,76,22,13,37
824,53,28,89,15,27,72,11,71,39,74
823,69,83,96,41,15,56,33,8,22,59
823,56,46,56,89,2,34,5,2,93,53
826,6,50,50,16,50,17,47,86,74,98
829,74,66,66,20,68,83,90,67,8,80
833,29,34,38,9,14,36,4,76,30,42
829,65,72,49,55,32,61,80,14,47,75
830,46,21,46,4,81,40,95,65,54,99
831,91,79,78,86,39,26,57,7,56,36
827,79,21,12,96,23,13,69,73,37,34
827,5,59,51,51,82,44,4,44,56,13
828,82,9,34,41,68,42,59,99,68,52
827,34,79,34,64,3,27,50,82,85,82
822,6,17,13,5,20,27,46,36,76,45
818,93,39,36,41,55,78,83,84,69,31
821,53,62,11,40,31,3,65,16,39,54
820,22,71,25,20,71,46,24,31,26,66
818,26,81,54,19,56,97,47,34,75,93
813,84,71,20,80,94,9,27,83,13,23
810,90,48,16,76,37,39,92,28,25,5
808,40,18,13,33,97,21,76,7,16,46
808,94,67,29,35,28,46,43,88,51,45
811,4,77,23,45,71,63,16,14,37,75
813,20,93,76,1,81,43,99,3,100,83
815,39,76,64,37,33,15,51,90,27,39
815,65,93,73,52,13,7,24,38,90,38
811,54,41,82,1,46,7,67,68,2,34
808,26,77,49,92,23,89,15,42,14,83
808,88,35,52,25,29,48,24,15,8,44
808,40,65,57,46,1,6,46,64,47,91
810,67,41,8,73,53,37,91,48,89,49
815,76,55,74,27,21,77,73,29,78,77
819,83,13,23,87,23,20,65,30,83,97
819,86,21,77,16,71,90,12,38,98,34
820,1,100,2,81,81,7,12,5,10,13
823,89,9,3,32,57,42,72,28,15,99
818,24,97,21,75,56,40,17,48,43,40
823,37,63,8,23,48,81,92,13,22,37
826,79,48,100,47,15,75,48,39,93,66
824,29,100,82,62,97,27,10,13,30,100
825,49,61,27,33,95,90,10,19,73,24
822,84,6,37,35,12,69,65,12,63,27
820,25,7,7,100,63,14,46,59,83,27
815,87,50,28,26,98,42,5,14,74,88
817,95,3,79,27,96,87,12,39,33,9
819,25,22,45,85,66,68,86,80,70,100
820,48,70,51,32,21,56,7,44,85,78
823,24,28,65,80,11,35,30,98,77,64
823,9,94,5,49,27,57,30,35,40,81
819,34,69,36,88,81,42,6,100,23,5
817,72,82,25,82,62,27,39,20,66,81
815,83,94,73,93,43,81,17,34,74,41
819,67,37,78,46,44,18,61,92,74,93
822,24,73,56,50,84,72,77,65,29,74
827,91,4,1,1,38,95,20,45,63,60
832,52,2,27,63,32,43,53,90,24,11
832,51,41,7,64,17,39,12,27,56,47
837,90,99,63,15,55,73,1,11,84,29
842,93,44,14,61,89,88,27,47,60,98
841,60,95,18,82,96,30,5,7,27,41
836,42,65,15,7,65,47,74,11,34,99
832,22,60,10,58,51,52,77,33,73,84
831,55,96,32,62,50,74,72,92,82,23
830,54,53,13,88,8,15,5,16,31,30
828,27,52,83,24,81,33,18,29,81,49
832,53,98,30,27,22,54,38,20,82,32
834,69,50,70,62,34,65,57,40,83,11
835,15,23,6,66,86,11,52,81,26,70
831,88,57,53,83,21,36,68,15,22,100
835,42,54,87,39,68,2,53,60,71,43
836,94,19,72,69,21,93,62,90,15,13
835,3,13,41,45,34,58,44,56,3,64
837,35,26,54,78,1,59,45,10,4,55
840,35,2,8,35,38,22,47,69,45,87
845,12,59,54,28,46,96,38,78,23,83
840,55,11,41,20,32,35,11,5,66,34
844,32,72,55,86,70,1,71,28,30,22
844,34,11,65,93,23,87,73,55,76,62
843,52,62,38,25,34,87,48,54,11,31
841,54,53,98,68,59,73,77,97,24,89
836,69,69,31,19,78,1,39,92,21,94
840,4,43,93,7,87,96,24,46,15,50
843,67,79,30,48,99,18,50,33,100,45
840,33,92,41,95,86,78,54,86,42,48
842,22,18,85,45,78,36,91,42,79,8
843,1,41,98,15,6,57,58,99,45,80
843,22,30,94,89,73,72,45,100,10,73
841,80,40,71,52,81,34,39,42,53,34
841,1,60,34,18,2,2,62,15,48,16
839,31,7,13,32,2,5,69,96,9,31
837,9,50,45,93,3,42,75,86,32,36
837,25,84,12,89,30,83,99,35,45,42
837,96,76,12,10,55,29,74,64,62,100
838,59,64,69,85,95,62,33,89,26,37
833,5,15,2,3,96,78,27,2,99,9
835,28,70,17,100,7,88,18,78,41,24
832,63,61,65,15,92,58,56,2,69,85
829,62,82,50,60,56,70,85,74,38,74
829,71,46,62,15,24,53,99,43,64,33
832,10,47,70,71,86,42,84,98,47,55
830,56,48,46,84,94,3,95,100,92,52
834,49,22,18,55,75,82,26,28,73,15
831,62,78,18,39,39,58,32,91,56,25
836,31,74,75,14,64,83,50,7,49,64
831,18,70,59,6,75,80,78,75,11,89
828,70,96,10,89,42,82,4,35,58,77
832,16,97,21,5,71,14,59,96,88,37
836,45,35,100,23,99,21,91,63,88,63
837,85,88,7,90,85,10,81,55,61,14
837,27,28,68,78,19,44,19,88,8,99
838,76,93,28,81,69,15,16,27,99,74
836,24,49,86,23,25,96,14,65,95,8
836,20,89,74,26,50,66,36,77,75,38
841,83,53,3,49,8,95,98,74,6,6
846,71,1,59,65,30,54,12,18,97,24
841,7,100,9,24,67,74,74,54,17,80
846,99,73,32,91,6,1,83,19,26,2
844,86,11,75,57,28,61,65,33,60,25
844,92,6,47,54,9,28,59,87,19,28
845,29,8,99,85,26,18,93,46,74,45
845,75,52,59,46,75,29,60,86,53,36
844,84,85,16,43,88,79,84,90,28,79
841,79,5,19,39,55,58,100,83,89,11
837,20,50,13,96,87,35,92,90,3,18
834,72,71,13,96,34,84,40,78,90,54
837,49,64,41,1,72,40,55,50,42,3
835,14,49,46,48,55,95,72,94,46,39
835,71,82,58,17,83,51,34,83,50,93
832,15,88,78,8,19,58,32,5,73,43
835,26,31,67,42,31,27,30,58,2,2
836,13,94,27,32,30,39,32,16,93,39
835,22,6,22,98,100,57,63,15,12,32
837,13,28,16,95,10,64,65,12,24,57
838,3,89,18,12,75,40,9,77,85,36
843,41,16,26,3,57,34,36,83,45,8
847,44,72,11,66,83,63,57,14,93,32
842,50,35,3,59,68,86,92,13,54,94
846,48,26,79,56,49,35,15,27,93,11
845,29,44,63,50,51,59,35,81,14,94
842,75,48,57,24,39,94,33,90,28,53
846,87,67,52,93,59,91,28,46,88,54
851,89,88,38,59,32,55,42,45,56,56
846,76,45,12,23,87,41,14,83,81,12
842,90,76,37,97,47,46,51,80,56,67
839,63,47,30,100,81,27,17,14,48,71
844,23,90,87,80,24,67,31,31,73,2
842,57,84,98,21,95,71,44,35,63,54
842,8,27,25,82,47,90,40,63,76,84
844,10,24,23,83,86,17,79,58,94,84
848,53,81,6,36,90,84,67,20,15,34
851,69,48,7,96,18,18,4,97,37,44
849,38,94,80,14,50,28,4,99,20,22
851,43,65,22,49,1,87,15,93,13,74
853,21,65,57,33,52,45,47,2,63,19
855,98,87,54,54,13,81,47,84,89,12
854,37,33,2,71,7,83,66,96,70,23
854,89,33,62,44,27,13,26,22,47,59
858,25,63,45,62,41,95,70,40,52,100
854,83,3,50,87,81,76,62,48,21,64
850,13,95,92,3,85,58,53,72,51,26
854,87,48,62,58,33,84,78,83,16,57
851,41,43,24,2,53,87,46,19,47,32
846,43,88,30,100,92,24,82,20,30,33
847,45,71,15,99,76,85,57,65,97,44
844,91,24,34,78,2,51,49,71,1,29
845,24,49,32,64,48,23,78,23,1,27
845,58,90,71,50,90,33,14,90,13,92
840,51,55,35,35,61,10,33,54,49,18
836,51,18,11,84,48,53,75,40,9,95
840,24,59,76,78,19,66,49,76,63,89
838,78,53,97,20,1,12,17,10,76,18
833,99,4,54,93,27,36,1,58,4,14
834,27,77,90,13,25,68,70,80,75,13
839,28,68,46,74,19,71,27,86,8,79
835,26,84,1,37,96,43,13,31,45,85
830,56,95,19,100,59,80,93,15,52,65
830,11,33,1,36,1,88,98,87,3,36
832,20,9,22,14,54,13,81,90,85,51
835,31,16,76,82,63,28,86,32,35,85
840,28,43,70,35,34,30,87,37,77,46
839,41,17,21,48,45,92,33,2,70,84
838,40,77,74,77,57,82,78,38,3,13
833,73,5,67,78,52,1,20,22,46,36
838,87,88,46,36,80,92,98,6,39,33
835,31,98,74,30,10,40,71,95,69,82
830,92,46,2,50,26,39,63,91,89,50
828,90,19,13,38,8,73,42,57,22,66
833,4,72,65,17,68,31,72,56,84,49
832,54,4,55,20,66,1,78,30,73,50
837,74,64,99,4,99,81,53,39,68,91
833,48,8,17,15,85,81,57,33,98,48
833,95,9,91,8,18,54,57,83,86,63
831,11,24,45,57,85,81,48,66,14,77
826,61,57,5,53,95,84,94,19,46,20
826,82,91,74,77,36,36,33,5,20,63
821,90,62,15,94,65,87,84,88,9,93
818,19,3,31,31,65,27,3,5,15,76
813,33,48,71,96,97,43,43,70,78,59
811,58,92,64,1,79,30,3,14,17,45
815,51,97,84,80,15,37,61,60,98,27
816,41,67,76,15,19,79,82,75,79,95
817,84,97,83,35,90,72,42,80,17,20
816,99,26,43,99,26,16,9,52,59,44
820,87,48,57,88,42,83,15,56,50,67
822,42,81,17,34,3,20,91,39,100,88
817,85,89,2,16,49,92,24,11,20,66
822,14,72,53,35,63,10,5,16,10,48
819,22,32,28,40,97,52,84,31,24,14
816,64,31,95,91,56,83,82,40,43,38
819,50,8,75,43,45,49,69,56,8,36
817,27,83,74,100,39,83,76,87,24,59
817,85,84,73,95,2,64,70,8,77,17
813,38,78,5,11,80,1,11,89,35,77
811,69,15,40,43,43,97,23,46,69,1
812,34,94,73,88,55,22,72,16,26,93
816,4,93,6,19,25,77,85,96,82,32
818,10,53,68,77,7,99,54,25,35,20
813,22,47,46,52,97,94,98,59,35,91
814,94,43,87,11,17,87,14,47,25,30
810,52,58,15,58,14,72,98,60,84,77
813,55,14,83,47,29,59,39,21,19,36
816,89,6,41,55,82,94,31,31,95,77
812,100,44,60,50,76,32,96,70,55,94
808,26,87,35,51,39,92,94,29,17,73
813,70,52,59,5,87,6,63,14,69,39
812,25,16,90,79,62,43,96,38,58,64
807,1,4,51,100,38,100,34,100,46,93
810,52,64,87,50,13,68,91,64,59,55
814,19,7,14,89,4,3,31,29,79,77
810,33,24,74,32,96,43,94,30,68,33
810,52,31,47,30,88,25,10,70,84,20
815,99,48,76,43,18,33,16,13,93,92
813,83,81,76,78,61,41,24,48,10,44
811,79,20,67,41,71,21,14,48,24,63
815,99,68,50,95,40,75,75,95,87,35
814,39,76,19,84,72,97,9,49,55,97
813,29,5,12,60,75,81,61,54,79,82
812,13,32,86,35,39,91,63,41,6,61
810,61,91,63,70,65,94,98,23,27,10
814,87,16,81,40,58,64,23,87,94,38
817,74,45,100,94,40,22,58,28,12,99
819,81,90,4,12,21,51,7,77,53,77
819,85,88,69,63,30,95,91,8,21,8
821,93,14,2,10,22,31,52,45,80,84
816,90,50,1,28,93,16,61,88,79,25
816,35,84,41,92,46,50,53,97,95,92
815,11,58,78,70,27,13,23,66,12,9
816,64,40,41,2,69,98,34,92,92,96
815,43,58,65,17,51,87,80,81,50,43
819,69,94,6,96,71,83,86,28,38,7
821,66,4,37,16,86,71,20,29,98,68
823,73,39,96,8,31,71,49,12,94,61
824,94,28,19,6,75,85,35,37,15,12
826,19,21,41,60,88,63,52,1,37,69
824,76,24,52,43,57,53,23,99,72,63
829,24,23,56,14,21,96,85,24,32,81
831,54,52,48,7,61,36,8,3,92,76
829,4,47,34,7,56,73,8,60,2,19
831,46,63,79,87,48,20,73,61,89,50
834,6,55,9,60,45,37,77,9,46,45
835,18,91,4,9,67,2,17,47,29,1
838,93,41,24,28,46,12,86,98,6,15
834,68,6,99,21,12,52,66,47,97,13
833,96,7,2,16,91,74,40,3,30,99
831,79,98,65,90,16,68,88,50,9,100
827,27,100,74,85,8,56,34,36,49,25
824,18,26,59,20,55,86,36,84,53,4
821,76,64,35,92,59,47,41,65,29,32
824,53,57,88,7,41,86,56,70,65,71
829,66,38,47,89,2,87,91,2,41,34
831,42,19,39,64,50,88,47,97,91,30
832,96,60,68,90,31,46,41,23,66,62
835,3,4,53,17,27,95,95,69,33,84
840,21,83,17,30,61,64,45,23,13,61
837,57,92,69,34,57,24,49,98,39,4
836,10,35,77,66,8,80,9,100,93,61
840,62,4,59,90,73,62,3,30,52,70
838,52,67,26,15,2,7,87,99,22,12
838,9,71,74,37,36,16,35,62,65,84
835,79,65,95,50,94,77,72,38,73,31
834,64,15,63,28,17,81,7,94,45,59
830,7,18,68,31,56,15,33,83,14,48
827,80,68,74,52,21,49,57,33,3,89
831,70,38,25,61,92,49,48,61,95,21
828,71,3,72,43,8,31,40,7,39,80
827,100,63,91,43,60,81,44,31,63,72
828,19,26,51,92,35,72,9,92,18,13
826,42,65,25,74,66,70,98,89,70,78
827,22,85,25,65,14,43,98,34,46,20
824,38,44,16,65,95,31,66,84,69,18
820,77,61,22,27,83,81,43,97,16,60
816,87,34,96,60,81,62,25,18,80,66
819,62,28,68,68,45,41,71,31,31,4
816,27,73,59,33,78,86,65,47,56,69
818,21,49,46,88,85,31,91,21,40,12
816,37,42,84,71,29,32,23,82,72,9
815,90,84,99,34,24,29,49,12,66,26
813,1,76,30,82,79,2,27,51,41,24
813,31,69,16,52,14,74,54,13,23,75
815,68,61,50,81,2,46,37,21,28,34
817,14,12,19,51,56,5,62,82,99,43
821,41,5,93,9,86,28,84,11,6,11
826,32,13,9,25,33,63,36,64,62,4
830,89,81,52,19,13,97,59,9,66,28
830,41,48,99,68,91,62,70,54,96,85
833,28,52,23,36,31,66,14,87,59,98
838,28,99,97,45,14,45,12,17,50,53
842,2,49,67,91,35,90,91,48,81,90
844,39,1,84,89,28,4,48,70,48,27
845,58,18,61,60,84,91,26,4,39,68
850,41,44,33,75,31,6,37,25,16,77
853,11,66,10,88,69,90,15,80,6,45
858,19,18,97,60,91,86,60,73,32,96
860,25,66,24,94,16,52,9,75,74,29
856,67,48,34,50,2,33,21,73,57,30
855,52,70,55,8,28,62,4,47,60,52
851,38,85,34,83,30,11,26,73,82,4
853,33,27,62,48,32,48,24,99,50,70
858,50,17,49,20,42,43,46,50,19,64
854,59,96,22,58,64,51,53,65,13,61
849,12,79,44,58,30,36,34,28,16,42
845,96,4,68,81,48,25,17,74,85,75
845,81,40,65,64,48,43,55,51,71,99
841,41,49,16,55,74,93,14,2,74,48
840,52,64,48,79,28,81,9,96,17,80
842,47,58,43,27,34,9,65,42,82,51
840,27,49,44,98,34,57,22,9,3,95
839,45,29,59,48,94,35,72,93,51,40
836,33,47,58,13,27,46,41,25,16,89
837,53,69,76,63,78,60,96,33,62,28
836,55,23,98,45,55,41,60,94,13,60
831,92,30,79,7,23,68,58,5,81,85
832,6,81,81,62,65,57,8,51,25,10
832,76,50,13,39,32,73,81,25,92,27
829,75,76,52,35,46,63,92,15,5,32
831,38,15,52,100,34,36,6,98,100,83
832,46,99,42,67,79,94,85,72,31,77
834,63,11,67,98,70,55,63,86,3,6
829,19,23,100,86,49,75,5,70,30,44
828,9,82,48,72,28,82,55,98,67,19
825,98,69,75,75,4,54,91,53,47,7
821,82,83,25,66,44,37,12,30,82,31
817,99,77,34,95,18,28,58,32,58,49
821,27,88,36,67,85,30,51,9,96,84
823,72,77,74,93,64,15,46,37,77,29
819,58,47,18,39,93,92,46,25,8,11
823,23,59,70,24,25,60,23,17,92,38
826,80,77,38,52,5,69,19,1,19,94
829,17,23,34,32,48,13,23,78,77,7
831,82,11,59,90,56,89,42,56,41,93
835,74,100,79,26,81,39,56,90,64,83
831,56,72,75,45,67,52,12,84,59,44
836,57,60,76,35,66,57,21,70,7,50
833,36,59,74,70,45,66,84,23,6,56
835,30,23,2,4,10,24,50,20,66,10
831,44,23,30,97,42,25,34,53,63,95
828,3,35,35,22,94,89,67,73,68,82
829,3,48,30,71,77,27,17,31,32,85
824,87,61,2,55,82,86,91,35,12,10
827,5,19,89,1,82,75,75,54,63,32
831,17,47,69,47,52,90,13,35,1,39
829,26,95,39,84,76,47,61,49,92,74
834,15,35,11,77,89,87,31,64,65,6
836,60,84,90,38,81,11,48,52,13,45
834,32,76,93,29,38,22,30,84,70,25
834,17,9,32,42,2,53,37,18,11,46
834,6,10,6,39,79,61,36,78,4,28
834,21,79,48,10,40,63,96,64,70,45
837,35,1,19,6,10,49,39,36,9,42
838,15,13,89,69,59,72,68,61,8,50
840,39,37,58,15,23,5,39,22,5,55
836,87,7,53,23,27,23,56,49,44,57
835,44,95,15,62,23,57,5,85,63,51
840,18,16,26,72,36,61,33,65,63,82
836,15,56,80,21,24,31,52,71,45,77
840,66,64,48,5,98,26,50,52,60,83
835,69,26,99,45,72,43,61,18,81,14
836,24,83,86,38,48,74,43,5,90,34
832,54,7,77,23,1,13,21,21,97,16
827,19,23,81,99,65,82,9,66,59,66
832,64,52,26,57,75,24,12,8,23,1
833,44,76,15,50,36,19,67,28,79,76
834,1,83,92,50,63,95,93,31,35,59
836,37,80,97,81,66,23,93,24,69,9
840,43,89,56,69,90,99,64,25,79,70
837,95,73,32,53,63,60,45,12,60,6
837,48,62,45,6,33,67,3,98,79,12
836,3,51,42,70,96,1,54,5,8,89
841,52,11,11,6,95,74,35,19,87,1
841,1,43,44,23,78,92,74,31,73,57
838,39,28,68,65,81,19,94,42,9,92
842,92,26,33,41,33,72,76,6,97,99
843,55,86,58,88,61,20,47,48,79,88
841,94,41,76,32,19,86,85,71,86,50
842,5,27,69,55,48,91,62,45,43,24
840,89,78,99,3,17,52,67,81,5,46
835,8,1,89,47,59,22,88,2,26,80
832,33,50,88,7,27,95,47,45,73,88
834,63,58,5,15,48,66,48,16,22,97
829,26,72,55,68,14,91,49,2,52,77
828,64,66,22,87,34,26,18,9,41,58
827,97,76,14,47,91,37,46,6,53,39
824,89,87,74,98,59,72,62,29,54,45
826,81,99,88,3,65,14,38,62,91,22
830,19,3,35,91,97,90,78,6,35,79
827,46,85,33,65,15,7,1,37,56,95
824,28,48,71,14,39,54,12,1,87,81
824,3,71,37,30,34,20,38,1,65,19
826,96,3,26,100,7,29,73,91,55,96
824,49,5,11,35,45,44,84,6,82,56
824,38,54,27,88,19,73,69,11,16,53
819,23,1,25,25,30,33,40,48,70,19
815,63,40,48,48,19,80,18,83,99,31
813,54,37,13,100,65,85,5,81,37,30
814,55,92,69,54,69,92,50,75,25,17
810,20,92,10,91,15,62,84,93,86,60
809,25,44,41,41,9,44,31,44,52,54
804,11,12,14,44,53,39,55,66,71,10
804,65,4,91,57,84,16,74,27,81,26
805,52,2,8,51,16,35,18,45,55,13
801,41,59,25,25,76,31,27,87,46,49
802,7,62,55,41,61,61,92,64,57,77
801,44,47,77,38,87,28,17,16,50,93
799,88,49,39,40,97,46,37,32,71,82
803,18,74,97,25,47,59,90,91,35,77
801,14,76,89,92,56,61,8,10,30,31
802,93,58,16,92,44,69,53,65,3,96
805,79,22,36,51,72,47,87,6,37,22
803,9,51,51,75,51,58,78,62,72,73
798,29,11,100,85,17,50,59,64,16,77
793,87,49,98,43,98,52,22,26,92,93
794,10,59,28,24,29,51,15,48,57,100
792,29,51,77,92,57,22,11,20,34,28
796,80,95,93,2,77,19,61,58,76,98
800,30,89,27,65,68,56,91,66,48,47
800,80,2,88,72,90,82,62,43,99,5
804,14,15,65,63,31,52,32,1,34,23
805,78,63,75,69,78,30,82,66,98,1
803,74,8,100,11,29,23,29,12,52,89
807,13,26,30,9,87,22,65,6,1,30
805,98,88,4,11,58,80,74,40,1,32
806,35,54,50,78,92,94,21,39,29,97
807,53,89,44,16,27,14,71,64,33,89
805,45,8,11,2,69,2,45,47,71,65
802,83,54,17,94,65,72,54,20,22,69
798,19,90,79,9,92,75,55,43,30,53
799,29,59,46,7,51,15,13,4,48,40
803,45,8,46,51,73,21,90,75,98,42
807,78,52,60,93,38,53,56,83,76,14
812,58,4,34,74,26,53,19,92,10,64
816,5,57,99,77,20,31,1,90,98,11
811,50,70,89,61,19,94,26,62,56,84
810,43,30,92,84,39,51,67,21,16,71
807,89,39,40,45,19,62,18,98,54,2
809,85,89,60,43,69,15,51,8,13,21
811,72,44,94,41,14,77,46,22,68,20
806,13,90,7,65,65,79,48,21,66,89
808,81,19,72,59,91,87,90,100,12,25
810,57,98,65,56,84,49,39,48,56,62
805,81,76,31,77,21,34,91,35,5,78
808,3,64,41,29,76,68,96,79,48,78
812,96,54,57,31,26,90,19,25,59,52
808,52,13,79,9,73,62,98,3,64,80
807,35,78,77,2,63,91,61,58,39,68
810,58,48,25,96,35,13,61,81,31,10
805,25,17,41,4,53,28,23,85,52,56
801,60,44,68,41,62,24,65,11,2,97
806,55,74,84,35,23,55,79,60,48,41
810,96,71,39,29,72,56,90,82,85,18
810,98,84,3,53,45,30,2,90,23,36
805,48,40,42,65,2,92,35,31,83,14
800,2,90,12,61,96,65,96,62,8,78
795,2,14,97,57,43,52,55,91,89,85
799,75,61,25,22,79,80,64,98,23,5
797,36,57,64,74,74,40,35,92,72,71
798,84,47,40,47,23,15,66,34,33,94
799,1,35,90,9,12,58,83,23,36,84
796,28,11,72,75,90,6,84,7,87,28
791,46,77,8,90,69,12,89,51,35,72
792,54,24,27,17,41,89,16,37,61,52
791,94,91,31,90,49,12,72,90,20,25
786,40,34,29,3,20,25,40,43,20,100
785,52,88,51,34,33,77,75,96,49,60
781,13,16,10,48,24,50,90,36,44,97
777,11,56,90,26,45,47,69,58,37,40
778,10,75,91,38,50,8,84,72,32,28
777,18,82,94,71,27,100,51,24,24,33
782,99,44,92,38,100,45,51,57,43,43
779,92,70,52,28,27,78,13,50,84,82
779,15,48,23,37,64,51,89,84,10,88
778,15,94,10,55,25,11,41,37,30,41
780,16,54,97,89,77,67,20,27,97,85
777,46,10,54,89,32,29,96,40,10,28
772,30,17,87,24,53,65,45,83,21,9
768,6,16,2,27,29,26,97,64,80,91
768,28,7,76,53,85,77,38,2,42,76
773,26,76,55,61,86,98,49,57,92,17
776,24,2,92,40,68,41,80,45,31,98
781,27,76,86,73,41,96,86,72,11,93
785,18,22,40,91,29,53,7,80,1,69
790,46,96,79,39,85,6,87,84,63,61
795,36,80,91,57,39,38,58,28,72,92
799,24,8,11,93,67,43,93,47,72,96
798,13,35,100,9,58,73,50,69,88,41
799,4,17,89,31,74,3,58,87,74,75
800,63,55,19,91,82,16,48,17,57,39
799,35,42,72,26,33,100,78,21,23,18
804,60,66,14,88,77,9,45,70,43,27
804,52,94,25,6,33,91,66,45,100,74
801,98,7,63,41,16,86,48,91,22,14
798,6,36,94,69,4,100,86,90,96,72
794,86,13,12,11,4,1,66,67,81,26
791,90,99,60,22,61,1,16,75,52,9
793,26,32,69,46,3,14,59,62,55,81
793,39,100,20,52,50,43,27,66,80,52
788,57,3,57,24,37,99,28,62,78,34
790,42,26,74,27,85,40,52,16,6,13
791,4,96,98,23,10,77,90,46,86,36
789,68,49,1,48,80,99,83,47,9,21
789,35,96,3,87,16,63,52,82,8,59
787,27,76,1,44,7,33,77,92,82,77
784,20,1,43,54,67,77,64,22,4,87
786,77,73,77,45,63,93,62,100,99,51
787,53,5,73,2,47,76,84,82,39,49
789,76,14,69,79,12,59,12,8,41,39
791,70,25,11,95,28,12,50,76,14,7
796,42,47,75,19,1,4,86,94,40,21
794,20,4,65,48,67,91,23,38,68,39
798,10,26,84,1,91,6,63,73,44,6
802,83,82,83,2,65,16,29,70,79,76
805,28,56,49,66,79,23,51,33,38,82
807,21,54,73,68,76,66,48,46,3,22
802,70,78,32,96,31,2,83,11,54,94
805,88,96,27,32,65,38,26,79,49,89
809,51,37,29,81,56,46,42,22,85,92
806,62,58,8,34,20,9,92,46,95,23
801,11,69,86,13,52,42,62,47,60,85
805,77,17,55,67,73,72,21,9,16,37
802,46,52,36,56,39,93,9,76,22,56
804,44,84,23,91,43,44,21,92,26,85
809,65,26,97,59,98,21,30,46,19,83
808,66,44,72,91,80,57,63,12,28,40
806,55,23,100,79,55,59,68,35,67,48
805,4,56,12,93,28,87,39,43,15,27
807,23,3,99,39,4,43,54,75,61,33
812,17,93,5,9,56,76,22,44,71,4
816,23,43,30,47,39,57,95,92,76,37
813,92,100,84,39,48,89,18,23,99,58
810,9,93,9,86,27,35,51,32,95,66
813,86,29,52,30,96,64,59,72,7,57
809,81,49,85,15,84,31,57,24,40,50
804,47,42,42,100,45,66,96,91,33,55
804,86,61,89,71,31,2,84,40,39,75
807,53,45,35,86,85,60,24,92,62,2
810,10,54,7,64,42,2,35,13,16,55
809,70,62,80,37,57,94,57,7,49,95
809,21,63,85,16,41,60,88,5,60,26
805,42,2,42,41,79,29,16,89,59,60
808,76,63,47,7,2,72,47,77,35,87
808,27,23,64,12,76,86,97,96,85,20
811,15,70,65,83,23,94,22,17,56,97
808,70,32,87,8,20,22,58,54,93,8
808,73,100,95,31,12,36,7,45,70,78
813,51,29,80,19,31,91,72,71,26,8
816,35,14,51,3,86,42,28,76,58,22
820,75,89,16,11,15,15,31,76,33,48
821,3,91,66,13,99,45,33,89,30,82
819,61,85,63,75,13,83,1,31,86,58
815,50,29,85,11,43,91,62,54,63,98
816,19,14,89,72,85,25,23,10,56,93
818,14,13,46,22,60,54,33,34,42,67
814,20,17,57,11,93,69,67,71,43,50
810,2,36,93,71,64,49,91,72,82,35
815,86,70,77,8,30,52,48,23,61,27
814,21,19,56,9,68,29,95,70,10,52
810,71,66,16,58,75,18,23,76,48,11
815,70,99,50,23,69,66,22,46,61,56
818,37,73,17,45,59,86,20,82,1,35
819,22,75,59,45,48,59,80,83,65,77
818,87,3,14,63,85,92,86,91,62,55
813,71,75,45,61,18,92,16,24,10,82
816,76,36,52,55,5,52,90,85,70,15
817,94,7,91,57,47,52,44,48,10,58
812,3,43,66,39,63,26,64,78,49,47
809,65,40,51,95,38,39,37,77,11,80
809,41,12,32,55,83,27,60,3,52,15
810,54,52,56,12,18,24,97,46,40,15
809,38,16,38,69,85,71,76,84,38,76
812,19,94,81,51,16,94,92,4,75,48
817,52,9,66,99,91,98,72,23,54,4
817,74,43,88,19,70,82,4,60,32,97
816,48,95,1,40,39,46,55,6,62,66
820,67,98,37,27,14,53,42,67,54,38
818,30,76,48,58,10,76,20,64,92,40
821,30,61,99,85,20,26,98,59,30,25
818,43,45,26,48,11,10,3,86,78,61
815,23,14,66,26,37,27,69,39,6,3
817,52,75,25,18,37,49,80,67,24,52
820,4,41,97,58,37,14,75,68,55,63
819,63,7,93,19,25,73,22,24,90,53
818,6,72,41,14,63,56,30,55,21,24
823,64,70,11,13,78,46,45,2,4,51
820,1,20,36,47,90,74,80,83,45,64
815,38,85,46,68,29,55,57,70,61,19
810,94,13,91,5,48,84,83,79,75,19
812,32,78,70,56,80,44,41,45,64,99
813,51,18,74,91,54,65,97,69,76,45
817,77,58,55,45,53,83,82,46,87,2
821,57,34,1,8,26,16,32,57,88,50
818,27,28,68,2,11,87,55,11,10,34
815,30,54,97,67,75,20,73,1,93,9
814,65,61,43,16,4,3,56,17,16,33
815,84,7,23,43,8,82,27,40,49,36
819,61,8,84,92,98,40,45,31,24,54
821,41,76,37,54,13,94,12,6,27,26
816,70,38,28,4,45,39,64,60,13,58
811,33,39,15,86,94,10,21,13,36,90
810,70,42,65,33,30,2,46,31,41,61
813,53,44,35,95,4,11,79,69,64,96
811,60,4,56,69,81,46,5,5,39,80
816,13,75,2,22,10,18,51,34,31,38
818,69,54,44,23,22,32,11,100,95,83
818,81,75,90,88,61,71,5,36,12,77
822,91,11,2,85,54,85,30,18,65,49
817,20,4,52,27,48,55,86,45,4,44
815,33,69,38,12,84,83,25,97,4,88
817,38,84,14,73,1,54,93,57,51,10
820,91,2,84,60,99,27,65,18,28,51
823,27,73,3,35,53,17,94,72,38,22
818,61,70,59,79,71,70,78,10,95,56
816,37,53,5,35,56,97,51,82,84,25
817,89,97,11,54,21,47,31,43,59,61
822,93,45,60,57,14,86,40,51,14,12
822,65,90,18,32,1,92,67,44,60,51
823,92,63,6,65,65,72,84,29,3,5
819,52,23,61,3,44,23,55,15,5,100
822,23,91,53,98,40,39,31,86,20,39
818,17,24,14,82,52,17,88,49,80,95
815,21,75,11,14,97,84,17,95,8,50
818,62,19,6,91,43,52,86,66,38,28
817,8,91,3,5,53,40,46,75,28,19
821,42,18,92,24,96,3,81,55,11,71
818,52,29,8,8,85,88,39,97,17,17
817,68,84,34,76,13,10,52,65,16,62
815,75,67,32,20,27,29,46,30,97,90
818,88,50,51,1,6,79,69,77,89,11
818,77,35,63,93,58,44,51,48,69,44
821,100,24,14,94,35,5,92,49,65,52
818,76,63,13,20,38,82,7,56,42,32
822,56,55,32,95,86,98,47,30,100,44
819,99,79,99,78,17,83,5,50,37,32
816,67,26,14,62,44,98,54,86,94,82
814,49,3,48,11,83,15,51,41,14,37
813,42,22,45,81,74,38,58,99,99,24
814,97,53,71,30,21,34,76,15,8,79
813,79,6,34,81,63,76,59,91,30,63
809,34,98,53,48,52,46,60,57,52,1
807,66,6,5,75,63,75,54,20,76,5
810,50,91,61,96,14,58,57,85,66,93
808,59,30,38,68,68,99,65,49,24,84
810,24,37,94,59,14,36,3,15,54,92
807,7,97,46,46,83,52,37,94,51,61
810,14,6,91,88,75,71,58,12,38,28
815,20,13,87,96,91,65,55,5,6,4
819,15,55,55,81,63,76,12,36,45,1
824,93,96,84,54,68,98,44,39,88,78
819,79,76,28,71,52,40,75,85,31,64
824,2,85,19,62,32,32,47,22,1,67
825,31,71,62,18,2,41,71,67,4,92
823,44,58,25,51,55,86,68,41,47,59
819,34,7,76,61,55,32,87,90,46,40
820,84,42,61,32,34,95,81,46,15,16
825,86,46,21,30,53,58,26,87,19,96
828,83,26,4,6,11,78,72,5,100,79
833,5,32,45,6,7,21,9,48,53,44
838,71,43,97,31,44,87,51,74,86,1
833,34,92,77,75,46,53,80,30,94,85
835,18,90,7,72,38,10,58,93,14,37
839,78,89,21,99,93,2,60,92,74,53
839,99,85,41,18,67,64,99,34,83,87
840,85,11,54,84,32,56,99,72,23,69
843,33,8,35,36,63,6,35,49,3,69
844,1,16,31,60,35,89,1,78,21,11
843,94,66,61,22,43,46,99,99,14,23
847,79,56,99,98,70,76,37,32,28,18
844,34,78,81,55,34,13,2,37,68,37
846,23,37,99,6,88,61,21,51,15,20
844,21,17,70,13,41,12,34,7,53,59
848,80,23,55,22,48,60,51,96,25,75
852,50,46,38,42,41,34,36,55,73,20
853,80,67,20,34,68,16,67,69,45,18
855,2,24,5,94,6,55,1,1,96,65
857,89,15,82,6,96,72,2,93,56,96
858,91,46,47,38,26,23,32,55,87,95
857,57,75,1,92,84,9,93,7,47,25
853,95,34,41,63,36,49,45,3,10,24
856,10,88,92,89,59,21,69,74,91,22
851,86,6,41,10,18,67,71,55,78,84
847,11,80,68,18,56,91,56,16,49,100
851,13,50,56,94,1,14,21,96,56,63
846,64,50,46,81,13,22,64,79,14,14
851,67,3,39,63,98,54,40,22,1,81
847,1,67,45,77,19,77,49,4,73,67
847,27,24,55,10,35,4,43,28,64,89
843,97,31,93,77,95,28,100,98,5,54
843,9,63,85,93,76,27,66,67,61,95
847,73,52,53,58,12,58,12,16,56,67
848,25,56,69,9,97,3,86,5,92,67
844,74,41,29,27,13,83,90,51,17,89
839,45,32,52,81,98,50,2,69,44,85
841,98,58,82,29,10,31,1,99,4,12
838,77,50,47,43,83,86,56,37,9,2
833,11,74,34,76,43,87,33,91,6,31
834,64,65,52,33,45,82,93,72,62,14
835,66,27,95,64,1,40,17,86,74,80
836,84,18,100,60,35,84,21,12,26,69
832,67,48,92,34,76,14,94,71,66,78
837,86,35,81,60,19,51,49,94,74,3
837,100,82,68,47,47,75,47,63,59,10
835,48,96,36,5,50,44,91,67,62,81
837,84,96,8,86,87,25,93,99,19,48
835,25,89,30,30,14,72,75,57,98,27
838,96,60,17,74,63,79,26,77,70,52
833,58,46,71,50,13,48,54,57,37,94
835,13,90,65,44,65,42,94,70,5,40
840,92,23,60,37,30,32,85,3,81,62
835,76,28,17,87,36,96,65,98,83,58
839,68,53,91,65,1,19,9,51,9,91
843,11,48,70,97,8,44,14,35,67,82
839,89,98,63,39,28,61,83,84,41,74
835,27,7,11,82,84,65,88,15,38,49
838,90,40,40,34,45,63,45,33,78,64
842,75,66,5,51,7,25,97,64,78,83
844,80,2,41,9,63,83,9,17,54,70
848,44,74,97,8,76,17,10,43,38,62
849,83,15,54,62,98,31,94,48,93,10
849,93,76,26,69,11,38,56,40,55,58
853,86,63,41,78,80,14,40,28,1,58
848,94,75,40,66,6,99,31,16,93,51
843,72,95,33,29,17,33,78,58,45,63
845,54,10,19,71,24,73,86,52,99,47
842,35,23,57,46,99,88,52,16,46,32
845,30,44,63,69,8,41,86,55,89,58
841,76,25,74,53,75,70,78,90,90,37
843,91,89,41,10,28,68,87,7,76,39
842,11,18,4,83,68,76,91,44,41,20
840,32,59,98,70,70,83,90,48,14,6
844,64,82,53,81,3,80,40,86,60,10
849,8,100,65,18,26,62,53,49,77,79
854,6,94,86,89,54,18,88,27,71,70
851,63,65,83,57,43,43,24,82,3,93
853,60,98,28,11,20,51,91,84,2,22
854,36,14,50,23,83,23,88,9,64,1
850,87,39,93,44,35,33,88,72,44,56
853,43,86,41,98,98,23,26,21,55,38
850,27,67,39,81,61,34,47,52,97,1
847,60,25,70,1,35,69,69,79,46,17
851,34,47,96,19,18,74,71,66,90,10
856,54,80,37,70,60,36,5,86,29,88
861,19,9,6,81,66,61,50,25,5,16
859,20,41,22,69,32,56,20,82,82,15
856,64,55,50,61,35,65,98,72,13,95
851,99,51,43,7,48,35,67,84,13,74
847,42,63,35,64,55,30,29,10,74,84
848,23,68,5,3,14,83,68,83,16,2
850,43,15,39,99,14,84,57,96,89,4
847,76,19,30,29,47,81,49,38,19,29
842,79,41,94,49,41,85,7,26,30,43
844,74,65,26,68,66,74,26,12,34,4
846,69,35,20,9,71,68,94,28,39,27
842,47,35,47,91,29,19,2,47,56,19
839,84,69,51,84,11,95,48,13,35,23
835,60,52,47,30,69,65,20,71,92,7
836,21,8,28,100,97,95,93,21,29,51
831,90,31,16,58,19,65,48,6,57,88
829,71,57,2,59,7,87,66,97,33,84
827,72,8,99,35,90,91,8,60,57,14
822,40,92,15,51,4,3,52,20,86,67
817,89,66,67,66,68,61,19,96,97,33
819,50,8,76,69,96,49,29,82,23,38
817,57,4,13,81,3,60,83,16,2,36
817,59,41,7,99,47,97,93,89,16,58
819,32,30,11,29,76,100,23,21,32,48
823,17,51,17,10,46,42,50,31,82,75
821,10,21,13,29,95,72,21,52,46,17
821,69,26,30,19,44,37,65,63,48,3
817,69,13,72,6,5,78,2,56,31,47
814,46,97,18,45,59,61,71,100,83,70
814,5,82,43,47,17,29,76,65,71,84
815,98,67,89,60,6,25,78,52,65,29
817,67,64,5,48,64,62,46,52,25,78
821,89,46,3,92,16,25,45,69,12,48
819,7,25,27,29,69,12,45,67,95,27
823,62,87,44,92,83,40,85,61,26,61
823,52,70,51,16,73,59,82,66,56,14
828,23,80,62,60,93,24,68,96,31,69
824,81,85,44,63,18,69,93,66,58,83
821,55,16,90,99,42,26,45,10,37,56
820,91,23,12,53,24,38,83,90,95,39
816,65,70,49,59,60,29,6,79,39,39
820,67,78,93,49,23,87,16,94,61,94
817,44,46,80,10,64,72,98,43,7,98
813,90,6,32,15,74,52,43,15,88,55
808,55,16,25,45,10,62,76,10,41,5
808,20,35,87,60,3,84,18,27,19,44
808,46,96,38,47,8,61,38,63,36,16
804,38,26,77,2,65,37,18,44,32,41
809,39,17,37,26,29,18,29,9,59,70
805,54,34,11,18,75,77,69,75,39,46
802,92,81,1,94,45,62,7,25,71,59
803,19,17,3,70,44,60,23,68,23,30
807,93,97,21,25,75,4,88,47,14,48
812,52,79,23,46,82,68,13,78,39,10
817,64,86,100,83,85,95,39,5,90,65
817,54,41,87,93,96,74,27,5,44,78
818,33,24,84,23,69,31,14,56,14,57
823,93,87,43,38,50,41,90,75,63,82
828,22,18,70,91,46,44,100,99,43,42
830,35,35,98,96,65,15,93,73,61,82
830,88,61,45,88,33,9,91,99,91,76
835,77,49,75,48,41,92,42,32,17,83
833,91,43,61,38,69,54,58,53,14,1
835,60,72,12,93,97,78,86,35,69,15
837,44,21,88,38,58,79,62,18,37,92
838,29,16,83,49,88,7,91,70,59,86
836,30,69,41,24,15,11,26,93,87,55
839,80,45,68,65,21,34,7,9,23,7
835,65,63,22,77,25,51,52,67,89,21
834,49,100,75,35,74,68,45,21,74,85
838,42,96,73,70,9,78,19,84,78,25
836,48,18,28,55,37,41,82,92,90,6
838,84,52,58,55,99,67,34,74,96,63
841,50,65,43,6,24,1,55,18,19,80
843,10,67,48,68,58,41,63,60,83,57
842,18,20,85,6,75,52,38,62,51,30
837,64,78,98,64,60,80,16,24,44,10
836,53,36,97,50,46,58,37,80,64,16
838,26,61,13,93,9,22,37,24,92,62
839,93,56,99,46,29,75,29,21,41,85
836,19,62,98,55,45,13,96,12,36,24
836,37,64,56,87,86,28,89,84,98,79
841,79,28,81,19,36,83,3,27,37,51
843,85,70,100,12,93,96,51,66,88,5
840,26,46,5,39,35,44,58,38,42,75
838,50,29,21,65,63,38,61,71,90,14
838,13,22,89,47,34,57,99,90,73,8
838,42,81,33,59,36,23,20,24,3,69
834,88,26,84,53,66,56,75,18,5,85
838,72,32,87,27,70,27,48,77,57,92
837,73,32,69,84,63,78,55,87,7,7
839,4,33,84,38,96,27,56,43,63,8
841,67,85,41,99,16,21,31,31,98,79
836,3,24,12,64,3,30,6,48,35,71
834,61,59,15,94,28,6,88,36,17,61
837,88,68,18,2,48,82,30,67,64,19
832,9,25,88,35,4,47,91,93,12,27
836,100,84,87,14,7,82,11,95,64,45
837,54,69,36,27,68,29,98,15,63,34
837,6,1,29,85,23,67,62,42,70,79
841,67,78,16,44,98,39,47,11,56,28
844,76,3,1,20,43,80,7,29,43,91
842,27,82,16,64,74,68,78,66,4,12
844,50,13,91,80,42,96,17,99,8,70
846,83,73,35,10,51,92,48,45,16,20
845,1,19,89,93,57,23,5,28,8,33
847,87,81,58,1,71,33,33,19,53,25
845,93,64,81,14,68,7,48,83,47,49
848,6,5,26,5,41,50,96,30,91,70
849,80,99,35,71,5,13,77,55,3,91
848,8,78,64,55,43,57,2,78,37,84
844,8,34,28,4,52,23,47,94,89,42
839,23,21,45,90,100,48,99,47,88,40
839,67,49,24,7,61,49,47,45,80,86
843,5,31,89,84,87,84,13,70,71,2
847,23,15,11,23,4,2,82,52,16,14
844,1,81,20,71,77,30,60,57,3,91
844,67,44,16,84,29,33,70,4,60,84
846,100,94,12,73,45,16,98,95,56,81
844,62,74,51,11,83,6,72,37,54,44
848,57,74,81,79,57,19,59,44,15,83
853,7,6,35,30,85,20,83,49,85,33
848,45,15,85,63,48,37,57,62,88,45
843,37,28,58,40,81,7,59,98,1,8
839,37,36,66,17,84,92,42,45,51,26
843,84,30,91,97,96,21,20,74,17,83
843,61,52,90,52,4,67,60,81,38,55
846,72,83,69,51,76,8,81,23,1,98
849,96,43,52,25,26,46,73,23,49,2
849,42,43,69,15,17,82,98,8,4,42
851,90,10,27,91,70,56,99,84,10,19
848,87,1,87,28,59,44,62,4,29,23
845,86,88,88,15,73,62,33,5,87,86
842,99,83,9,54,13,30,58,47,43,100
839,24,41,27,66,58,10,90,98,62,89
841,84,59,27,20,14,55,43,82,47,21
844,49,28,56,32,69,16,20,89,78,28
847,45,6,47,61,68,60,85,94,27,95
850,89,22,41,35,64,75,83,49,8,29
855,28,95,32,54,23,3,28,45,18,31
858,97,1,13,33,85,81,82,88,60,37
853,76,22,93,22,61,95,58,81,85,16
855,43,94,48,74,46,55,13,97,94,99
858,34,40,80,66,76,49,77,46,22,68
859,3,50,54,10,7,22,74,29,94,3
857,83,54,34,18,53,4,27,15,61,23
857,43,65,10,77,17,77,43,7,54,94
854,26,97,38,2,7,63,59,62,5,33
859,89,73,1,56,78,62,3,34,14,91
861,77,32,86,54,24,54,15,24,93,61
859,1,7,49,23,54,46,76,29,12,52
859,80,53,44,47,72,61,5,86,4,22
861,11,46,6,28,28,22,63,57,57,91
856,52,93,89,56,25,91,33,17,25,31
855,36,58,63,85,43,55,12,68,53,41
859,84,27,56,75,9,18,60,17,44,41
863,4,81,93,30,82,71,84,85,85,78
859,7,15,39,8,39,28,36,7,18,49
863,96,3,24,68,82,78,67,37,29,49
858,73,52,31,47,62,29,60,68,34,50
858,9,32,10,81,50,6,45,94,8,67
861,47,88,85,92,70,6,3,21,76,52
859,72,26,74,1,53,20,45,40,59,46
862,1,38,65,39,84,72,10,27,62,80
861,17,39,2,67,91,57,53,82,37,81
865,1,79,23,9,3,53,45,38,9,72
864,89,50,50,45,84,31,65,15,88,11
865,66,54,33,96,17,69,41,26,35,83
864,16,26,30,37,79,84,77,82,44,84
859,79,2,63,16,1,37,17,72,37,86
856,40,27,6,47,70,75,50,95,10,66
852,64,44,79,22,35,11,90,48,41,9
848,44,79,97,50,15,58,91,64,90,92
846,69,76,82,34,59,14,29,40,18,34
842,22,8,57,91,10,72,3,87,87,28
840,75,83,12,26,16,73,82,66,42,6
843,62,1,56,8,40,75,65,93,50,22
838,49,5,63,45,58,48,70,61,94,79
839,79,1,2,94,53,26,19,64,100,25
840,1,95,4,1,98,12,7,12,56,74
843,58,83,38,83,79,26,26,26,64,24
841,68,80,61,91,67,3,56,44,15,44
838,11,92,55,76,21,29,13,30,93,44
835,63,88,68,78,7,63,58,92,100,84
840,8,18,31,41,30,61,26,17,93,97
840,100,72,82,60,94,73,96,32,69,69
845,81,45,67,84,8,1,67,25,6,80
843,22,29,15,3,63,22,33,13,87,63
839,85,67,41,28,63,97,91,32,97,37
843,20,48,94,15,100,92,18,30,10,18
839,38,8,100,67,6,71,70,49,13,11
838,52,92,82,21,100,13,18,10,50,90
841,41,96,72,47,40,68,39,3,61,24
845,80,93,98,73,68,65,32,37,41,93
842,98,10,56,54,81,58,9,89,1,98
842,35,53,7,66,59,100,77,36,81,91
843,30,56,68,25,39,69,78,62,79,95
846,65,24,85,1,40,33,82,65,77,65
843,57,13,81,81,12,30,30,100,90,55
841,22,12,30,9,4,67,75,34,28,37
837,10,34,71,64,64,83,24,6,2,25
840,28,34,97,4,75,20,25,2,47,72
841,76,60,97,56,44,42,55,87,22,12
840,64,8,6,65,79,23,51,62,65,51
843,1,93,74,67,42,19,10,35,59,61
847,85,78,5,36,37,28,38,65,23,93
849,90,1,77,7,66,87,90,62,66,55
846,96,38,34,89,21,16,37,49,83,48
847,40,89,39,64,7,37,97,73,48,64
844,91,41,95,25,26,47,57,1,49,36
845,21,49,49,85,62,99,12,26,28,22
843,77,27,3,80,62,70,86,22,1,59
840,87,9,99,18,69,78,10,49,58,46
835,86,86,67,31,39,90,84,36,32,40
834,38,17,71,15,62,86,8,65,64,41
838,54,31,10,70,21,33,68,17,57,84
837,46,81,89,84,30,77,64,57,89,49
839,17,81,68,65,91,96,56,61,85,44
834,81,61,7,82,95,67,87,22,83,58
833,88,83,85,74,38,68,83,72,98,19
835,57,88,64,90,76,79,60,69,30,53
833,46,28,28,22,96,81,20,3,6,49
828,87,92,63,20,71,83,87,68,65,71
826,20,29,55,49,70,89,39,66,95,46
821,91,67,61,34,20,50,34,7,34,60
823,76,21,83,6,50,88,100,1,34,62
826,43,62,17,67,97,30,62,100,50,27
828,8,39,99,85,85,8,79,93,55,10
825,33,48,69,4,9,97,27,38,98,75
824,9,97,44,31,46,100,76,14,80,65
820,24,22,32,44,89,87,14,4,53,78
817,11,37,45,39,16,69,90,66,90,95
818,28,21,77,83,3,28,62,91,28,49
822,20,31,58,87,72,48,94,40,87,83
827,26,38,89,95,72,9,29,12,8,29
830,52,45,20,47,89,96,68,31,85,49
828,95,20,26,31,51,90,21,55,18,79
825,1,42,92,93,52,9,81,98,28,18
825,91,81,51,65,48,84,52,99,89,39
824,68,79,51,31,33,65,55,36,94,44
825,58,30,95,59,6,2,33,59,24,98
821,64,57,10,4,33,77,88,3,5,47
819,88,33,7,23,62,63,26,14,11,76
814,14,95,51,87,60,97,48,85,84,63
814,65,3,8,70,26,41,30,52,48,29
814,65,91,97,93,1,44,93,10,81,82
809,75,42,48,59,24,86,99,53,72,48
812,76,83,51,78,63,97,3,53,10,26
815,69,100,48,93,17,18,91,62,9,80
819,93,71,37,49,23,55,72,53,1,50
814,91,70,68,86,70,31,29,6,7,16
816,92,72,29,75,87,55,9,91,77,15
821,8,90,15,61,42,31,56,12,8,67
821,43,70,32,25,20,98,57,29,51,98
822,60,30,73,48,28,57,84,43,27,13
825,80,21,38,32,87,91,26,49,76,15
822,3,59,97,55,46,3,6,68,61,68
821,23,91,26,49,43,6,31,16,77,47
820,56,7,94,85,39,61,79,34,76,33
823,98,95,14,79,72,100,1,23,56,22
823,84,91,26,88,29,91,7,37,57,41
819,39,48,18,75,8,74,27,21,66,26
818,78,58,7,23,29,49,61,31,40,16
821,5,29,69,49,22,56,43,10,68,4
821,84,40,53,39,52,31,20,43,46,13
820,2,2,44,70,50,50,23,72,25,16
821,20,98,94,49,5,5,72,49,81,94
817,73,8,93,40,28,98,53,72,36,14
813,5,12,63,24,30,5,79,8,66,61
812,75,43,86,89,91,52,52,83,4,2
815,42,43,67,41,16,72,99,63,71,27
810,50,99,60,1,64,40,26,64,6,57
815,55,64,5,94,96,56,63,63,15,18
820,74,19,55,70,89,49,80,60,4,35
817,95,50,6,60,99,26,44,47,95,54
820,50,51,12,9,50,55,1,56,80,9
816,12,50,71,55,93,16,90,53,65,91
816,87,93,84,87,32,89,100,94,63,55
819,11,45,71,10,56,54,45,10,9,68
824,76,74,76,65,57,3,32,76,75,17
828,58,7,10,74,61,51,19,8,14,53
832,15,4,9,16,71,79,64,80,90,6
828,6,92,24,92,78,58,58,63,64,29
825,92,59,37,78,19,50,44,95,86,83
829,20,50,77,89,3,24,60,8,73,43
828,15,26,68,42,96,93,87,31,22,34
825,64,99,66,62,15,91,30,18,36,42
824,95,100,35,70,48,78,90,16,2,66
828,49,100,30,17,100,93,46,34,77,82
829,78,78,81,60,6,68,60,36,95,25
832,75,23,93,83,61,76,53,76,2,99
835,41,12,28,94,3,47,96,13,44,41
840,74,31,63,32,72,68,91,33,59,36
842,43,80,74,18,52,76,43,75,98,1
847,98,96,17,53,61,62,30,21,14,76
852,49,63,6,53,80,2,26,9,33,70
855,32,33,98,23,48,78,21,70,22,63
856,89,97,95,93,62,38,54,44,52,82
851,70,93,65,63,75,66,89,100,42,46
849,46,21,91,6,71,48,30,56,64,48
845,91,80,77,29,12,23,23,86,33,43
841,45,77,100,74,94,59,8,53,16,4
846,71,70,28,72,30,50,37,66,17,33
850,92,3,65,49,7,3,8,20,61,92
845,59,28,6,32,14,61,45,66,27,2
849,85,89,81,85,92,39,53,96,82,71
845,66,58,31,36,89,70,6,45,38,48
849,33,23,66,50,57,32,61,49,61,45
852,34,99,79,28,90,80,15,99,24,89
848,22,34,13,89,43,30,48,94,51,13
849,22,51,71,39,26,38,26,93,97,87
851,100,1,70,28,72,86,96,32,98,44
854,1,88,36,14,67,48,91,31,23,15
849,10,42,2,12,31,100,13,71,11,94
848,8,82,27,3,11,32,2,19,84,41
846,22,19,54,80,49,16,63,46,38,46
847,91,97,58,71,9,12,14,8,56,45
849,7,86,50,89,88,74,69,27,37,43
846,59,45,85,22,48,2,15,29,32,68
845,18,30,10,52,40,14,1,41,11,29
842,4,21,62,81,29,26,95,6,52,66
846,7,11,16,70,100,25,84,2,30,97
850,78,38,2,14,20,18,91,42,74,19
853,65,84,82,92,38,48,19,20,21,87
857,43,80,16,28,24,55,36,74,5,4
862,52,33,1,93,55,40,28,28,37,11
857,15,88,56,65,4,99,37,76,94,91
862,100,91,18,38,18,75,43,10,38,76
865,50,3,12,30,65,34,88,25,12,30
867,13,31,42,92,71,24,45,43,90,61
864,2,26,98,41,68,99,47,90,25,42
869,10,94,91,68,51,92,98,42,46,32
864,35,37,58,39,86,73,33,71,15,96
864,87,75,66,47,4,22,18,91,19,63
866,49,73,79,88,5,58,39,34,2,99
863,92,75,67,83,72,20,92,81,40,15
864,90,26,33,24,58,50,37,3,26,32
868,25,81,44,30,97,67,4,46,17,60
871,52,57,13,6,13,73,24,35,49,70
866,89,83,67,16,33,77,21,34,50,32
863,26,72,34,42,54,98,44,55,31,56
864,35,34,39,49,86,26,39,61,93,36
863,82,22,87,3,40,62,26,26,11,27
866,35,50,6,22,72,58,91,11,92,78
864,17,68,12,17,1,89,51,78,33,55
860,36,100,78,18,50,36,30,73,20,58
861,24,25,91,67,95,46,12,89,81,64
866,13,10,23,40,65,82,51,43,100,21
868,75,27,12,78,59,9,19,43,6,95
873,23,45,61,6,16,17,43,38,23,33
870,98,58,3,85,81,27,32,7,5,66
870,58,77,24,48,35,53,96,91,44,91
872,17,30,60,88,47,57,88,41,79,50
876,76,20,1,15,40,16,25,50,11,99
880,58,40,71,67,30,80,43,46,3,86
885,36,69,55,45,68,48,6,15,62,53
889,35,65,50,7,38,26,34,30,97,18
889,25,34,3,11,86,34,85,56,34,35
890,70,96,64,91,89,29,32,98,16,53
888,23,18,10,1,45,33,91,81,81,68
888,11,69,51,30,66,40,95,5,63,34
890,53,9,85,83,47,59,22,2,73,93
887,21,70,37,49,91,72,61,27,82,48
882,8,37,56,99,58,73,13,85,60,65
878,38,1,72,27,87,69,67,18,10,66
877,26,16,43,44,65,99,95,83,84,72
881,10,59,66,75,65,56,74,27,19,7
880,94,39,76,2,26,56,59,71,11,16
880,5,57,34,28,53,82,47,67,32,77
875,72,94,44,79,54,31,57,43,30,15
875,28,35,3,87,96,29,88,63,82,90
879,52,50,33,14,45,94,75,86,12,85
879,21,89,6,7,86,43,93,40,76,36
882,22,58,89,60,87,80,97,51,55,47
886,14,13,84,100,49,47,61,88,32,11
881,39,17,72,21,22,91,63,21,53,24
884,92,41,33,97,95,1,69,13,78,91
